mod	motif	regexp	score	fg_match	fg_size	bg_match	bg_size	fg/bg	unadjusted_p-value	tests	adjusted_p-value
S	xxxxxx_S_PVxxxx	......SPV....	166.20	71	3431	9	3431	7.9	1.7e-013	387	6.4e-011
S	xxSPxx_S_Pxxxxx	..SP..SP.....	161.23	82	3431	6	3431	13.7	1.2e-018	407	5.0e-016
S	xxxxxQ_S_Pxxxxx	.....QSP.....	109.17	42	3431	6	3431	7.0	4.6e-008	370	1.7e-005
S	xxxxxx_S_PxxSPx	......SP..SP.	109.28	71	3431	8	3431	8.9	3.6e-014	377	1.4e-011
S	xxxxxx_S_Pxxxxx	......SP.....	75.50	860	3431	325	3431	2.6	1.8e-067	356	6.5e-065
S	xxxxxS_S_DxExxx	.....SSD.E...	62.56	29	3431	3	3431	9.7	1.2e-006	323	3.9e-004
S	xxxxxx_S_DxExxx	......SD.E...	42.55	162	3431	49	3431	3.3	5.0e-016	309	1.5e-013
S	xxxRxx_S_xSPxxx	...R..S.SP...	71.04	60	3431	4	3431	15.0	2.9e-014	279	8.2e-012
S	xxxRxx_S_xDxxxx	...R..S.D....	26.80	40	3431	9	3431	4.4	4.3e-006	280	1.2e-003
S	xxxRxR_S_xSxxxx	...R.RS.S....	31.11	51	3431	6	3431	8.5	2.5e-010	325	8.0e-008
S	xxxxxx_S_DDDxxx	......SDDD...	30.43	47	3431	9	3431	5.2	1.2e-007	280	3.2e-005
S	xxxxSx_S_ExExxx	....S.SE.E...	31.73	35	3431	5	3431	7.0	6.5e-007	274	1.8e-004
S	xxxxxx_S_DSDxxx	......SDSD...	28.16	30	3431	4	3431	7.5	2.9e-006	316	9.3e-004
S	xxxxxG_S_Lxxxxx	.....GSL.....	14.22	23	3431	6	3431	3.8	1.1e-003	226	2.3e-001
S	xxxxxx_S_xSxxxx	......S.S....	7.24	688	3431	530	3431	1.3	3.4e-007	309	1.1e-004
S	xxxxxx_S_EDxxxx	......SED....	14.98	83	3431	40	3431	2.1	5.7e-005	250	1.4e-002
S	xxxxxx_S_xExxxx	......S.E....	7.55	376	3431	327	3431	1.1	2.8e-002	243	1.0e+000
S	xxxxxx_S_xGxxxx	......S.G....	6.90	254	3431	258	3431	1.0	5.9e-001	226	1.0e+000
S	xxxKxx_S_xxxxxx	...K..S......	6.01	165	3431	122	3431	1.4	5.6e-003	187	6.5e-001
T	xxxxxx_T_Pxxxxx	......TP.....	32.11	142	466	48	466	3.0	7.2e-015	134	9.6e-013
Y	xxxxxx_Y_xxxPxx	......Y...P..	6.28	30	151	11	151	2.7	1.1e-003	16	1.7e-002

# MoMo (Modification Motifs): Version 5.1.1 compiled on Mar 30 2021 at 00:00:43
# The format of this file is described at @SITE_URL@/doc/momo-output-format.html.
# momo motifx --width 13 --protein-database api/api/tmp/30801697.34d9.57a8.d79a.a7cc749ae0e9_fg.fa --remove-unknowns F api/api/tmp/30801697.34d9.57a8.d79a.a7cc749ae0e9_outputs.txt.momo.txt
