Sequence id	Family id	Family Accession	Clan	Env. Start	Env. End	Ali. Start	Ali. End	Model Start	Model End	Bit Score	Ind. E-value	Cond. E-value	Description	outcompeted	significant	uniq
>single_test_file_SmoGNATf	Radical_SAM_C	PF16199.5		149	230	150	229	2	81	99.1081161499023	1.1e-28	1.2e-32	Radical_SAM C-terminal domain	0	1	1
>single_test_file_SmoGNATf	Acetyltransf_1	PF00583.25	CL0257	227	349	262	349	34	117	21.6597347259521	0.00019	2.1e-08	Acetyltransferase (GNAT) family	0	1	2
>single_test_file_SmoGNATc	Radical_SAM_C	PF16199.5		323	404	324	403	2	81	107.340225219727	2.9e-31	6.4e-35	Radical_SAM C-terminal domain	0	1	1
>single_test_file_SmoGNATc	Radical_SAM	PF04055.21	CL0036	105	316	118	306	9	158	61.8969688415527	9.3e-17	2.1e-20	Radical SAM superfamily	0	1	2
>single_test_file_SmoGNATc	Acetyltransf_1	PF00583.25	CL0257	409	546	410	546	2	117	39.7050933837891	4.8e-10	1.1e-13	Acetyltransferase (GNAT) family	0	1	3
>single_test_file_SmoGNATc	Acetyltransf_10	PF13673.7	CL0257	412	556	468	551	52	111	27.418420791626	2.5e-06	5.7e-10	Acetyltransferase (GNAT) domain	1	1	4
>single_test_file_StuGNATa	Radical_SAM_C	PF16199.5		329	410	330	408	2	80	107.898567199707	1.9e-31	4.3e-35	Radical_SAM C-terminal domain	0	1	1
>single_test_file_StuGNATa	Radical_SAM	PF04055.21	CL0036	111	322	124	312	9	158	64.3953018188477	1.6e-17	3.6e-21	Radical SAM superfamily	0	1	2
>single_test_file_StuGNATa	Acetyltransf_1	PF00583.25	CL0257	415	552	416	552	2	117	42.4423789978027	6.8e-11	1.5e-14	Acetyltransferase (GNAT) family	0	1	3
>single_test_file_StuGNATa	Acetyltransf_10	PF13673.7	CL0257	422	562	507	557	61	111	25.7501277923584	8.4e-06	1.9e-09	Acetyltransferase (GNAT) domain	1	1	4
>single_test_file_TheGNATc_1	Radical_SAM_C	PF16199.5		329	410	330	408	2	80	108.772903442383	1.0e-31	2.3e-35	Radical_SAM C-terminal domain	0	1	1
>single_test_file_TheGNATc_1	Radical_SAM	PF04055.21	CL0036	111	322	124	312	9	158	65.0821151733398	9.8e-18	2.2e-21	Radical SAM superfamily	0	1	2
>single_test_file_TheGNATc_1	Acetyltransf_1	PF00583.25	CL0257	415	552	416	552	2	117	42.0641937255859	8.8e-11	2.0e-14	Acetyltransferase (GNAT) family	0	1	3
>single_test_file_TheGNATc_1	Acetyltransf_10	PF13673.7	CL0257	420	561	507	556	61	110	25.7939357757568	8.1e-06	1.8e-09	Acetyltransferase (GNAT) domain	1	1	4
>single_test_file_TheGNATc_2	Radical_SAM_C	PF16199.5		324	405	325	403	2	80	108.772903442383	1.0e-31	1.1e-35	Radical_SAM C-terminal domain	0	1	1
>single_test_file_TheGNATc_2	Radical_SAM	PF04055.21	CL0036	106	317	119	307	9	158	65.0821151733398	9.8e-18	1.1e-21	Radical SAM superfamily	0	1	2
>single_test_file_TheGNATc_3	Radical_SAM_C	PF16199.5		324	405	325	403	2	80	108.995933532715	8.7e-32	9.7e-36	Radical_SAM C-terminal domain	0	1	1
>single_test_file_TheGNATc_3	Radical_SAM	PF04055.21	CL0036	106	317	119	307	9	158	65.4079818725586	7.8e-18	8.7e-22	Radical SAM superfamily	0	1	2
>single_test_file_TheGNATc_4	Radical_SAM_C	PF16199.5		329	410	330	408	2	80	109.150032043457	7.8e-32	8.7e-36	Radical_SAM C-terminal domain	0	1	1
>single_test_file_TheGNATc_4	Radical_SAM	PF04055.21	CL0036	111	322	124	312	9	158	65.6374435424805	6.6e-18	7.4e-22	Radical SAM superfamily	0	1	2
>single_test_file_ThaGNATc	Radical_SAM_C	PF16199.5		330	411	331	409	2	80	108.006164550781	1.8e-31	4.0e-35	Radical_SAM C-terminal domain	0	1	1
>single_test_file_ThaGNATc	Radical_SAM	PF04055.21	CL0036	112	322	125	313	9	158	61.267406463623	1.5e-16	3.3e-20	Radical SAM superfamily	0	1	2
>single_test_file_ThaGNATc	Acetyltransf_1	PF00583.25	CL0257	416	553	417	553	2	117	42.1119842529297	8.5e-11	1.9e-14	Acetyltransferase (GNAT) family	0	1	3
>single_test_file_ThaGNATc	Acetyltransf_10	PF13673.7	CL0257	421	563	507	558	60	111	25.664026260376	8.9e-06	2.0e-09	Acetyltransferase (GNAT) domain	1	1	4
>single_test_file_VvGNATd	Radical_SAM_C	PF16199.5		220	301	221	299	2	80	109.230476379395	7.4e-32	1.6e-35	Radical_SAM C-terminal domain	0	1	1
>single_test_file_VvGNATd	Radical_SAM	PF04055.21	CL0036	2	213	15	209	9	163	67.9134140014648	1.3e-18	2.9e-22	Radical SAM superfamily	0	1	2
>single_test_file_VvGNATd	Acetyltransf_1	PF00583.25	CL0257	306	443	307	443	2	117	36.6713638305664	4.2e-09	9.3e-13	Acetyltransferase (GNAT) family	0	1	3
>single_test_file_VvGNATd	Acetyltransf_10	PF13673.7	CL0257	315	452	339	447	11	110	26.4493770599365	5.1e-06	1.1e-09	Acetyltransferase (GNAT) domain	1	1	4
>single_test_file_SmoGNATg	Radical_SAM	PF04055.21	CL0036	1	136	32	126	64	158	48.2695350646973	1.4e-12	1.6e-16	Radical SAM superfamily	0	1	1
>single_test_file_SmoGNATg	Radical_SAM_C	PF16199.5		143	184	144	183	2	41	44.5167922973633	1.2e-11	1.3e-15	Radical_SAM C-terminal domain	0	1	2
>single_test_file_SmoGNATe	Radical_SAM_C	PF16199.5		107	188	108	187	2	81	108.666862487793	1.1e-31	1.8e-35	Radical_SAM C-terminal domain	0	1	1
>single_test_file_SmoGNATe	Acetyltransf_1	PF00583.25	CL0257	193	301	248	301	68	117	28.7732200622559	1.2e-06	2.0e-10	Acetyltransferase (GNAT) family	0	1	2
>single_test_file_SmoGNATe	Acetyltransf_10	PF13673.7	CL0257	199	311	256	306	61	111	27.5787754058838	2.3e-06	3.8e-10	Acetyltransferase (GNAT) domain	1	1	3
>single_test_file_MdoGNATo	Radical_SAM_C	PF16199.5		1312	1393	1313	1392	2	81	107.741729736328	2.1e-31	6.0e-35	Radical_SAM C-terminal domain	0	1	1
>single_test_file_MdoGNATo	Telomere_reg-2	PF10193.9		599	710	600	710	4	109	85.1498336791992	4.0e-24	1.1e-27	Telomere length regulation protein	0	1	2
>single_test_file_MdoGNATo	Radical_SAM	PF04055.21	CL0036	1094	1305	1107	1295	9	158	60.6962394714355	2.2e-16	6.1e-20	Radical SAM superfamily	0	1	3
>single_test_file_MdoGNATo	Acetyltransf_1	PF00583.25	CL0257	1398	1535	1401	1535	4	117	37.8337669372559	1.8e-09	5.1e-13	Acetyltransferase (GNAT) family	0	1	4
>single_test_file_MdoGNATo	Acetyltransf_10	PF13673.7	CL0257	1409	1545	1489	1540	60	111	24.161262512207	2.6e-05	7.2e-09	Acetyltransferase (GNAT) domain	1	1	5
>single_test_file_MeGNATd	Radical_SAM_C	PF16199.5		328	409	329	407	2	80	108.77653503418	1.0e-31	2.3e-35	Radical_SAM C-terminal domain	0	1	1
>single_test_file_MeGNATd	Radical_SAM	PF04055.21	CL0036	110	321	123	317	9	163	63.9423446655273	2.2e-17	4.9e-21	Radical SAM superfamily	0	1	2
>single_test_file_MeGNATd	Acetyltransf_1	PF00583.25	CL0257	414	551	415	551	2	117	39.8294448852539	4.4e-10	9.7e-14	Acetyltransferase (GNAT) family	0	1	3
>single_test_file_MeGNATd	Acetyltransf_10	PF13673.7	CL0257	419	560	480	555	41	110	27.180082321167	3.0e-06	6.7e-10	Acetyltransferase (GNAT) domain	1	1	4
>single_test_file_MeGNATe	Radical_SAM_C	PF16199.5		328	409	329	407	2	80	108.769233703613	1.0e-31	2.3e-35	Radical_SAM C-terminal domain	0	1	1
>single_test_file_MeGNATe	Radical_SAM	PF04055.21	CL0036	110	321	123	317	9	163	64.1994476318359	1.8e-17	4.1e-21	Radical SAM superfamily	0	1	2
>single_test_file_MeGNATe	Acetyltransf_1	PF00583.25	CL0257	414	551	415	551	2	117	42.0546875	8.9e-11	2.0e-14	Acetyltransferase (GNAT) family	0	1	3
>single_test_file_MeGNATe	Acetyltransf_10	PF13673.7	CL0257	420	561	480	556	41	111	27.0056209564209	3.4e-06	7.6e-10	Acetyltransferase (GNAT) domain	1	1	4
>single_test_file_MguGNATc	Radical_SAM_C	PF16199.5		330	407	331	405	2	80	66.4461288452148	1.7e-18	3.7e-22	Radical_SAM C-terminal domain	0	1	1
>single_test_file_MguGNATc	Radical_SAM	PF04055.21	CL0036	112	322	125	313	9	158	63.1845550537109	3.8e-17	8.4e-21	Radical SAM superfamily	0	1	2
>single_test_file_MguGNATc	Acetyltransf_1	PF00583.25	CL0257	412	549	413	549	2	117	38.2170219421387	1.4e-09	3.1e-13	Acetyltransferase (GNAT) family	0	1	3
>single_test_file_MguGNATc	Acetyltransf_10	PF13673.7	CL0257	417	558	479	553	42	110	24.8222923278809	1.6e-05	3.6e-09	Acetyltransferase (GNAT) domain	1	1	4
>single_test_file_PpatGNATc	Radical_SAM_C	PF16199.5		332	413	333	412	2	81	108.685882568359	1.1e-31	2.4e-35	Radical_SAM C-terminal domain	0	1	1
>single_test_file_PpatGNATc	Radical_SAM	PF04055.21	CL0036	114	325	127	315	9	158	70.1350555419922	2.7e-19	6.1e-23	Radical SAM superfamily	0	1	2
>single_test_file_PpatGNATc	Acetyltransf_1	PF00583.25	CL0257	418	555	419	555	2	117	33.5982131958008	3.7e-08	8.3e-12	Acetyltransferase (GNAT) family	0	1	3
>single_test_file_PpatGNATd	Radical_SAM_C	PF16199.5		312	393	313	391	2	80	98.628288269043	1.5e-28	1.7e-32	Radical_SAM C-terminal domain	0	1	1
>single_test_file_PpatGNATd	Radical_SAM	PF04055.21	CL0036	154	305	210	295	75	158	44.1327018737793	2.7e-11	3.0e-15	Radical SAM superfamily	0	1	2
>single_test_file_PperGNATc_1	Radical_SAM_C	PF16199.5		331	412	332	411	2	81	109.584320068359	5.7e-32	1.3e-35	Radical_SAM C-terminal domain	0	1	1
>single_test_file_PperGNATc_1	Radical_SAM	PF04055.21	CL0036	113	324	126	314	9	158	61.1920204162598	1.5e-16	3.4e-20	Radical SAM superfamily	0	1	2
>single_test_file_PperGNATc_1	Acetyltransf_1	PF00583.25	CL0257	417	554	421	554	5	117	37.2201156616211	2.8e-09	6.3e-13	Acetyltransferase (GNAT) family	0	1	3
>single_test_file_PperGNATc_1	Acetyltransf_10	PF13673.7	CL0257	422	564	508	559	60	111	25.9212245941162	7.4e-06	1.7e-09	Acetyltransferase (GNAT) domain	1	1	4
>single_test_file_PperGNATc_2	Radical_SAM_C	PF16199.5		331	412	332	411	2	81	110.109016418457	3.9e-32	4.4e-36	Radical_SAM C-terminal domain	0	1	1
>single_test_file_PperGNATc_2	Radical_SAM	PF04055.21	CL0036	113	324	126	314	9	158	61.9711647033691	8.9e-17	9.9e-21	Radical SAM superfamily	0	1	2
>single_test_file_PtGNATd	Radical_SAM_C	PF16199.5		328	409	329	407	2	80	108.77653503418	1.0e-31	2.3e-35	Radical_SAM C-terminal domain	0	1	1
>single_test_file_PtGNATd	Radical_SAM	PF04055.21	CL0036	110	321	123	317	9	163	63.9423446655273	2.2e-17	4.9e-21	Radical SAM superfamily	0	1	2
>single_test_file_PtGNATd	Acetyltransf_1	PF00583.25	CL0257	414	551	415	551	2	117	44.5836181640625	1.5e-11	3.3e-15	Acetyltransferase (GNAT) family	0	1	3
>single_test_file_PtGNATd	Acetyltransf_10	PF13673.7	CL0257	419	561	505	556	60	111	27.0561847686768	3.3e-06	7.4e-10	Acetyltransferase (GNAT) domain	1	1	4
>single_test_file_PtGNATe_1	Radical_SAM_C	PF16199.5		340	421	341	419	2	80	108.733184814453	1.1e-31	2.3e-35	Radical_SAM C-terminal domain	0	1	1
>single_test_file_PtGNATe_1	Radical_SAM	PF04055.21	CL0036	110	317	123	303	9	151	60.6313362121582	2.3e-16	5.1e-20	Radical SAM superfamily	0	1	2
>single_test_file_PtGNATe_1	Acetyltransf_1	PF00583.25	CL0257	426	563	427	563	2	117	42.3076705932617	7.4e-11	1.7e-14	Acetyltransferase (GNAT) family	0	1	3
>single_test_file_PtGNATe_1	Acetyltransf_10	PF13673.7	CL0257	432	572	517	567	60	110	26.769510269165	4.0e-06	9.0e-10	Acetyltransferase (GNAT) domain	1	1	4
>single_test_file_PtGNATe_2	Radical_SAM_C	PF16199.5		340	421	341	419	2	80	108.922088623047	9.2e-32	1.0e-35	Radical_SAM C-terminal domain	0	1	1
>single_test_file_PtGNATe_2	Radical_SAM	PF04055.21	CL0036	110	317	123	303	9	151	60.900707244873	1.9e-16	2.1e-20	Radical SAM superfamily	0	1	2
>single_test_file_PtGNATe_3	Radical_SAM_C	PF16199.5		340	421	341	419	2	80	109.068939208984	8.3e-32	9.2e-36	Radical_SAM C-terminal domain	0	1	1
>single_test_file_PtGNATe_3	Radical_SAM	PF04055.21	CL0036	110	317	123	303	9	151	61.1136322021484	1.6e-16	1.8e-20	Radical SAM superfamily	0	1	2
>single_test_file_PavGNATe	Radical_SAM_C	PF16199.5		336	419	337	418	2	81	101.040855407715	2.6e-29	5.9e-33	Radical_SAM C-terminal domain	0	1	1
>single_test_file_PavGNATe	Radical_SAM	PF04055.21	CL0036	118	329	131	325	9	163	65.5424652099609	7.1e-18	1.6e-21	Radical SAM superfamily	0	1	2
>single_test_file_PavGNATe	Acetyltransf_1	PF00583.25	CL0257	424	561	426	561	3	117	38.2795066833496	1.3e-09	2.9e-13	Acetyltransferase (GNAT) family	0	1	3
>single_test_file_PavGNATe	Acetyltransf_10	PF13673.7	CL0257	432	571	490	566	41	111	26.7228012084961	4.2e-06	9.3e-10	Acetyltransferase (GNAT) domain	1	1	4
>single_test_file_PavGNATf	Radical_SAM_C	PF16199.5		337	418	338	417	2	81	107.641357421875	2.3e-31	5.1e-35	Radical_SAM C-terminal domain	0	1	1
>single_test_file_PavGNATf	Radical_SAM	PF04055.21	CL0036	119	330	132	326	9	163	65.3137817382812	8.3e-18	1.9e-21	Radical SAM superfamily	0	1	2
>single_test_file_PavGNATf	Acetyltransf_1	PF00583.25	CL0257	423	560	425	560	3	117	39.7248992919922	4.7e-10	1.0e-13	Acetyltransferase (GNAT) family	0	1	3
>single_test_file_PavGNATf	Acetyltransf_10	PF13673.7	CL0257	440	570	489	565	41	111	27.4711818695068	2.5e-06	5.5e-10	Acetyltransferase (GNAT) domain	1	1	4
>single_test_file_PhvGNATc	Radical_SAM_C	PF16199.5		326	407	327	406	2	81	110.060356140137	4.1e-32	9.0e-36	Radical_SAM C-terminal domain	0	1	1
>single_test_file_PhvGNATc	Radical_SAM	PF04055.21	CL0036	108	319	121	309	9	158	66.938346862793	2.6e-18	5.9e-22	Radical SAM superfamily	0	1	2
>single_test_file_PhvGNATc	Acetyltransf_1	PF00583.25	CL0257	412	549	413	549	2	117	36.1524085998535	6.0e-09	1.3e-12	Acetyltransferase (GNAT) family	0	1	3
>single_test_file_PhvGNATc	Acetyltransf_10	PF13673.7	CL0257	416	558	503	553	60	110	24.4331588745117	2.1e-05	4.8e-09	Acetyltransferase (GNAT) domain	1	1	4
>single_test_file_RcGNATc	Radical_SAM_C	PF16199.5		328	409	329	407	2	80	108.77653503418	1.0e-31	2.3e-35	Radical_SAM C-terminal domain	0	1	1
>single_test_file_RcGNATc	Radical_SAM	PF04055.21	CL0036	110	321	123	311	9	158	65.0627212524414	9.9e-18	2.2e-21	Radical SAM superfamily	0	1	2
>single_test_file_RcGNATc	Acetyltransf_1	PF00583.25	CL0257	414	551	415	551	2	117	40.8513679504395	2.1e-10	4.7e-14	Acetyltransferase (GNAT) family	0	1	3
>single_test_file_SlyGNATc	Radical_SAM_C	PF16199.5		330	411	331	409	2	80	107.894889831543	1.9e-31	4.3e-35	Radical_SAM C-terminal domain	0	1	1
>single_test_file_SlyGNATc	Radical_SAM	PF04055.21	CL0036	112	323	125	313	9	158	64.3900146484375	1.6e-17	3.6e-21	Radical SAM superfamily	0	1	2
>single_test_file_SlyGNATc	Acetyltransf_1	PF00583.25	CL0257	416	553	417	553	2	117	41.5988883972168	1.2e-10	2.8e-14	Acetyltransferase (GNAT) family	0	1	3
>single_test_file_SlyGNATc	Acetyltransf_10	PF13673.7	CL0257	423	563	508	558	61	111	26.2634811401367	5.8e-06	1.3e-09	Acetyltransferase (GNAT) domain	1	1	4
>single_test_file_BrGNATa_1	Bromodomain	PF00439.25		444	528	447	527	4	83	78.9812850952148	2.1e-22	3.5e-26	Bromodomain	0	1	1
>single_test_file_BrGNATa_1	Acetyltransf_1	PF00583.25	CL0257	210	323	252	323	42	117	34.4677848815918	2.0e-08	3.4e-12	Acetyltransferase (GNAT) family	0	1	2
>single_test_file_BrGNATa_1	Acetyltransf_10	PF13673.7	CL0257	252	337	255	325	43	108	27.2334518432617	2.9e-06	4.9e-10	Acetyltransferase (GNAT) domain	1	1	3
>single_test_file_BrGNATa_2	Bromodomain	PF00439.25		421	505	423	505	3	84	78.5888366699219	2.8e-22	4.6e-26	Bromodomain	0	1	1
>single_test_file_BrGNATa_2	Acetyltransf_1	PF00583.25	CL0257	187	300	224	297	43	114	32.9699935913086	5.8e-08	9.8e-12	Acetyltransferase (GNAT) family	0	1	2
>single_test_file_BrGNATa_2	Acetyltransf_10	PF13673.7	CL0257	172	313	232	302	43	108	24.25758934021	2.4e-05	4.1e-09	Acetyltransferase (GNAT) domain	1	1	3
>single_test_file_AqGNATa_1	Bromodomain	PF00439.25		426	510	427	509	2	83	71.9063873291016	3.4e-20	5.7e-24	Bromodomain	0	1	1
>single_test_file_AqGNATa_1	Acetyltransf_1	PF00583.25	CL0257	169	305	222	305	30	117	38.8453178405762	8.8e-10	1.5e-13	Acetyltransferase (GNAT) family	0	1	2
>single_test_file_AqGNATa_1	Acetyltransf_10	PF13673.7	CL0257	166	321	214	314	20	115	34.0263786315918	2.3e-08	3.9e-12	Acetyltransferase (GNAT) domain	1	1	3
>single_test_file_AqGNATa_2	Bromodomain	PF00439.25		426	510	427	509	2	83	71.9063873291016	3.4e-20	5.7e-24	Bromodomain	0	1	1
>single_test_file_AqGNATa_2	Acetyltransf_1	PF00583.25	CL0257	169	305	222	305	30	117	38.8453178405762	8.8e-10	1.5e-13	Acetyltransferase (GNAT) family	0	1	2
>single_test_file_AqGNATa_2	Acetyltransf_10	PF13673.7	CL0257	166	321	214	314	20	115	34.0263786315918	2.3e-08	3.9e-12	Acetyltransferase (GNAT) domain	1	1	3
>single_test_file_AqGNATb_1	Bromodomain	PF00439.25		452	536	452	535	1	83	80.8687591552734	5.4e-23	1.2e-26	Bromodomain	0	1	1
>single_test_file_AqGNATb_1	Acetyltransf_1	PF00583.25	CL0257	210	323	244	323	34	117	38.6368637084961	1.0e-09	2.3e-13	Acetyltransferase (GNAT) family	0	1	2
>single_test_file_AqGNATb_1	Acetyltransf_10	PF13673.7	CL0257	186	332	232	325	20	108	35.7631072998047	6.7e-09	1.5e-12	Acetyltransferase (GNAT) domain	1	1	3
>single_test_file_AqGNATb_1	Acetyltransf_7	PF13508.7	CL0257	238	325	245	324	4	75	27.8706665039062	2.4e-06	5.4e-10	Acetyltransferase (GNAT) domain	1	1	4
>single_test_file_AqGNATb_2	Bromodomain	PF00439.25		445	529	445	528	1	83	80.8952331542969	5.3e-23	1.2e-26	Bromodomain	0	1	1
>single_test_file_AqGNATb_2	Acetyltransf_1	PF00583.25	CL0257	210	323	244	323	34	117	38.6646308898926	1.0e-09	2.2e-13	Acetyltransferase (GNAT) family	0	1	2
>single_test_file_AqGNATb_2	Acetyltransf_10	PF13673.7	CL0257	186	332	232	325	20	108	35.7927589416504	6.5e-09	1.5e-12	Acetyltransferase (GNAT) domain	1	1	3
>single_test_file_AqGNATb_2	Acetyltransf_7	PF13508.7	CL0257	238	325	245	324	4	75	27.897045135498	2.4e-06	5.3e-10	Acetyltransferase (GNAT) domain	1	1	4
>single_test_file_AqGNATb_3	Bromodomain	PF00439.25		445	529	445	528	1	83	80.9183044433594	5.2e-23	1.2e-26	Bromodomain	0	1	1
>single_test_file_AqGNATb_3	Acetyltransf_1	PF00583.25	CL0257	210	323	244	323	34	117	38.6888389587402	9.8e-10	2.2e-13	Acetyltransferase (GNAT) family	0	1	2
>single_test_file_AqGNATb_3	Acetyltransf_10	PF13673.7	CL0257	186	332	232	325	20	108	35.8186187744141	6.4e-09	1.4e-12	Acetyltransferase (GNAT) domain	1	1	3
>single_test_file_AqGNATb_3	Acetyltransf_7	PF13508.7	CL0257	237	325	245	324	4	75	27.945592880249	2.3e-06	5.1e-10	Acetyltransferase (GNAT) domain	1	1	4
>single_test_file_AqGNATb_4	Bromodomain	PF00439.25		389	471	394	470	8	83	77.4862670898438	6.1e-22	1.4e-25	Bromodomain	0	1	1
>single_test_file_AqGNATb_4	Acetyltransf_1	PF00583.25	CL0257	187	323	244	323	34	117	38.9949264526367	7.9e-10	1.8e-13	Acetyltransferase (GNAT) family	0	1	2
>single_test_file_AqGNATb_4	Acetyltransf_10	PF13673.7	CL0257	185	332	232	325	20	108	36.0634307861328	5.4e-09	1.2e-12	Acetyltransferase (GNAT) domain	1	1	3
>single_test_file_AqGNATb_4	Acetyltransf_7	PF13508.7	CL0257	237	325	245	324	4	75	28.1600894927979	2.0e-06	4.4e-10	Acetyltransferase (GNAT) domain	1	1	4
>single_test_file_AqGNATb_5	Acetyltransf_1	PF00583.25	CL0257	182	323	244	323	34	117	39.4842872619629	5.6e-10	9.3e-14	Acetyltransferase (GNAT) family	0	1	1
>single_test_file_AqGNATb_5	Acetyltransf_10	PF13673.7	CL0257	182	332	232	325	20	108	36.5656433105469	3.8e-09	6.3e-13	Acetyltransferase (GNAT) domain	1	1	2
>single_test_file_AqGNATb_5	Acetyltransf_7	PF13508.7	CL0257	237	325	245	324	4	75	28.591251373291	1.4e-06	2.4e-10	Acetyltransferase (GNAT) domain	1	1	3
>single_test_file_AtGNATa	Bromodomain	PF00439.25		464	548	464	547	1	83	78.7151489257812	2.5e-22	4.2e-26	Bromodomain	0	1	1
>single_test_file_AtGNATa	Acetyltransf_1	PF00583.25	CL0257	236	342	263	342	34	117	36.578742980957	4.4e-09	7.4e-13	Acetyltransferase (GNAT) family	0	1	2
>single_test_file_AtGNATa	Acetyltransf_10	PF13673.7	CL0257	222	356	251	344	20	108	32.1428451538086	8.8e-08	1.5e-11	Acetyltransferase (GNAT) domain	1	1	3
>single_test_file_CclGNATa_1	Bromodomain	PF00439.25		456	540	458	539	3	83	74.9195022583008	3.9e-21	6.5e-25	Bromodomain	0	1	1
>single_test_file_CclGNATa_1	Acetyltransf_1	PF00583.25	CL0257	225	334	255	334	34	117	34.9474716186523	1.4e-08	2.4e-12	Acetyltransferase (GNAT) family	0	1	2
>single_test_file_CclGNATa_1	Acetyltransf_10	PF13673.7	CL0257	216	348	243	336	20	108	31.244607925415	1.7e-07	2.8e-11	Acetyltransferase (GNAT) domain	1	1	3
>single_test_file_CclGNATa_2	Bromodomain	PF00439.25		456	540	458	539	3	83	74.9381103515625	3.8e-21	6.4e-25	Bromodomain	0	1	1
>single_test_file_CclGNATa_2	Acetyltransf_1	PF00583.25	CL0257	225	334	255	334	34	117	34.9669303894043	1.4e-08	2.3e-12	Acetyltransferase (GNAT) family	0	1	2
>single_test_file_CclGNATa_2	Acetyltransf_10	PF13673.7	CL0257	216	348	243	336	20	108	31.2650890350342	1.6e-07	2.8e-11	Acetyltransferase (GNAT) domain	1	1	3
>single_test_file_CpaGNATa	Bromodomain	PF00439.25		465	549	466	548	2	83	78.7154159545898	2.5e-22	4.2e-26	Bromodomain	0	1	1
>single_test_file_CpaGNATa	Acetyltransf_1	PF00583.25	CL0257	234	343	261	343	31	117	37.014949798584	3.3e-09	5.4e-13	Acetyltransferase (GNAT) family	0	1	2
>single_test_file_CpaGNATa	Acetyltransf_10	PF13673.7	CL0257	220	358	252	346	20	109	34.6049728393555	1.5e-08	2.6e-12	Acetyltransferase (GNAT) domain	1	1	3
>single_test_file_CruGNATa	Bromodomain	PF00439.25		503	587	503	586	1	83	78.5785446166992	2.8e-22	4.7e-26	Bromodomain	0	1	1
>single_test_file_CruGNATa	Acetyltransf_1	PF00583.25	CL0257	275	381	302	381	34	117	36.4367828369141	4.9e-09	8.2e-13	Acetyltransferase (GNAT) family	0	1	2
>single_test_file_CruGNATa	Acetyltransf_10	PF13673.7	CL0257	235	395	290	383	20	108	32.137134552002	8.8e-08	1.5e-11	Acetyltransferase (GNAT) domain	1	1	3
>single_test_file_CsaGNATa	Bromodomain	PF00439.25		456	540	457	539	2	83	73.5022735595703	1.1e-20	1.8e-24	Bromodomain	0	1	1
>single_test_file_CsaGNATa	Acetyltransf_1	PF00583.25	CL0257	227	335	253	335	31	117	39.7905311584473	4.5e-10	7.5e-14	Acetyltransferase (GNAT) family	0	1	2
>single_test_file_CsaGNATa	Acetyltransf_10	PF13673.7	CL0257	221	349	244	338	20	109	34.2121467590332	2.0e-08	3.4e-12	Acetyltransferase (GNAT) domain	1	1	3
>single_test_file_CsiGNATa_1	Bromodomain	PF00439.25		456	540	458	539	3	83	74.9195022583008	3.9e-21	6.5e-25	Bromodomain	0	1	1
>single_test_file_CsiGNATa_1	Acetyltransf_1	PF00583.25	CL0257	225	334	255	334	34	117	34.9474716186523	1.4e-08	2.4e-12	Acetyltransferase (GNAT) family	0	1	2
>single_test_file_CsiGNATa_1	Acetyltransf_10	PF13673.7	CL0257	216	348	243	336	20	108	31.244607925415	1.7e-07	2.8e-11	Acetyltransferase (GNAT) domain	1	1	3
>single_test_file_CsiGNATa_2	Bromodomain	PF00439.25		456	540	458	539	3	83	74.9381103515625	3.8e-21	6.4e-25	Bromodomain	0	1	1
>single_test_file_CsiGNATa_2	Acetyltransf_1	PF00583.25	CL0257	225	334	255	334	34	117	34.9669303894043	1.4e-08	2.3e-12	Acetyltransferase (GNAT) family	0	1	2
>single_test_file_CsiGNATa_2	Acetyltransf_10	PF13673.7	CL0257	216	348	243	336	20	108	31.2650890350342	1.6e-07	2.8e-11	Acetyltransferase (GNAT) domain	1	1	3
>single_test_file_CsiGNATa_3	Acetyltransf_1	PF00583.25	CL0257	223	334	255	334	34	117	35.3985023498535	1.0e-08	1.2e-12	Acetyltransferase (GNAT) family	0	1	1
>single_test_file_CsiGNATa_3	Acetyltransf_10	PF13673.7	CL0257	215	348	243	336	20	108	31.7327175140381	1.2e-07	1.3e-11	Acetyltransferase (GNAT) domain	1	1	2
>single_test_file_EgrGNATa_1	Bromodomain	PF00439.25		462	546	463	545	2	83	78.1926727294922	3.7e-22	6.2e-26	Bromodomain	0	1	1
>single_test_file_EgrGNATa_1	Acetyltransf_1	PF00583.25	CL0257	239	347	271	347	37	117	35.0546798706055	1.3e-08	2.2e-12	Acetyltransferase (GNAT) family	0	1	2
>single_test_file_EgrGNATa_1	Acetyltransf_10	PF13673.7	CL0257	237	360	258	349	22	108	30.662618637085	2.5e-07	4.2e-11	Acetyltransferase (GNAT) domain	1	1	3
>single_test_file_EgrGNATa_2	Bromodomain	PF00439.25		418	502	418	501	1	83	76.542350769043	1.2e-21	2.0e-25	Bromodomain	0	1	1
>single_test_file_EgrGNATa_2	Acetyltransf_1	PF00583.25	CL0257	191	303	225	303	34	117	35.6337776184082	8.7e-09	1.5e-12	Acetyltransferase (GNAT) family	0	1	2
>single_test_file_EgrGNATa_2	Acetyltransf_10	PF13673.7	CL0257	184	316	213	305	21	108	32.0100593566895	9.7e-08	1.6e-11	Acetyltransferase (GNAT) domain	1	1	3
>single_test_file_FveGNATa	Bromodomain	PF00439.25		595	679	596	678	2	83	70.5511932373047	8.9e-20	2.0e-23	Bromodomain	0	1	1
>single_test_file_FveGNATa	Acetyltransf_1	PF00583.25	CL0257	376	475	398	475	36	117	32.8409118652344	6.4e-08	1.4e-11	Acetyltransferase (GNAT) family	0	1	2
>single_test_file_FveGNATa	Acetyltransf_10	PF13673.7	CL0257	379	489	392	477	28	108	29.2431240081787	6.9e-07	1.6e-10	Acetyltransferase (GNAT) domain	1	1	3
>single_test_file_FveGNATa	DND1_DSRM	PF14709.7	CL0196	33	91	36	71	4	39	25.7398777008057	9.8e-06	2.2e-09	double strand RNA binding domain from DEAD END PROTEIN 1	0	1	4
>single_test_file_GmGNATa	Bromodomain	PF00439.25		436	520	437	519	2	83	74.0392761230469	7.3e-21	1.2e-24	Bromodomain	0	1	1
>single_test_file_GmGNATa	Acetyltransf_1	PF00583.25	CL0257	203	316	238	316	35	117	36.1088447570801	6.2e-09	1.0e-12	Acetyltransferase (GNAT) family	0	1	2
>single_test_file_GmGNATa	Acetyltransf_10	PF13673.7	CL0257	203	330	227	319	22	109	33.2432136535645	4.0e-08	6.7e-12	Acetyltransferase (GNAT) domain	1	1	3
>single_test_file_GmGNATb_1	Bromodomain	PF00439.25		439	523	440	522	2	83	74.0276184082031	7.4e-21	1.2e-24	Bromodomain	0	1	1
>single_test_file_GmGNATb_1	Acetyltransf_1	PF00583.25	CL0257	208	319	241	319	35	117	34.4332313537598	2.1e-08	3.4e-12	Acetyltransferase (GNAT) family	0	1	2
>single_test_file_GmGNATb_1	Acetyltransf_10	PF13673.7	CL0257	205	333	230	322	22	109	31.8593902587891	1.1e-07	1.8e-11	Acetyltransferase (GNAT) domain	1	1	3
>single_test_file_GmGNATb_2	Acetyltransf_1	PF00583.25	CL0257	195	319	241	319	35	117	35.1329383850098	1.2e-08	1.4e-12	Acetyltransferase (GNAT) family	0	1	1
>single_test_file_GmGNATb_2	Acetyltransf_10	PF13673.7	CL0257	198	334	228	322	20	109	32.7015075683594	5.9e-08	6.6e-12	Acetyltransferase (GNAT) domain	1	1	2
>single_test_file_GrGNATa_1	Bromodomain	PF00439.25		454	538	456	537	3	83	77.3760757446289	6.6e-22	1.1e-25	Bromodomain	0	1	1
>single_test_file_GrGNATa_1	Acetyltransf_1	PF00583.25	CL0257	222	332	254	332	35	117	35.471565246582	9.8e-09	1.6e-12	Acetyltransferase (GNAT) family	0	1	2
>single_test_file_GrGNATa_1	Acetyltransf_10	PF13673.7	CL0257	194	346	241	335	20	109	32.7891540527344	5.6e-08	9.3e-12	Acetyltransferase (GNAT) domain	1	1	3
>single_test_file_GrGNATa_2	Acetyltransf_1	PF00583.25	CL0257	221	332	254	332	35	117	35.6376533508301	8.7e-09	9.7e-13	Acetyltransferase (GNAT) family	0	1	1
>single_test_file_GrGNATa_2	Acetyltransf_10	PF13673.7	CL0257	193	346	241	335	20	109	32.9535064697266	4.9e-08	5.5e-12	Acetyltransferase (GNAT) domain	1	1	2
>single_test_file_GrGNATa_3	Acetyltransf_1	PF00583.25	CL0257	221	332	254	332	35	117	35.6376533508301	8.7e-09	9.7e-13	Acetyltransferase (GNAT) family	0	1	1
>single_test_file_GrGNATa_3	Acetyltransf_10	PF13673.7	CL0257	193	346	241	335	20	109	32.9535064697266	4.9e-08	5.5e-12	Acetyltransferase (GNAT) domain	1	1	2
>single_test_file_GrGNATa_4	Acetyltransf_1	PF00583.25	CL0257	221	332	254	332	35	117	35.6376533508301	8.7e-09	9.7e-13	Acetyltransferase (GNAT) family	0	1	1
>single_test_file_GrGNATa_4	Acetyltransf_10	PF13673.7	CL0257	193	346	241	335	20	109	32.9535064697266	4.9e-08	5.5e-12	Acetyltransferase (GNAT) domain	1	1	2
>single_test_file_LuGNATa	Bromodomain	PF00439.25		443	527	445	525	3	82	69.6193008422852	1.7e-19	2.9e-23	Bromodomain	0	1	1
>single_test_file_LuGNATa	Acetyltransf_1	PF00583.25	CL0257	186	321	225	321	38	117	32.7873687744141	6.7e-08	1.1e-11	Acetyltransferase (GNAT) family	0	1	2
>single_test_file_LuGNATa	Acetyltransf_10	PF13673.7	CL0257	255	334	264	323	52	108	26.912015914917	3.7e-06	6.1e-10	Acetyltransferase (GNAT) domain	1	1	3
>single_test_file_MdoGNATa	Bromodomain	PF00439.25		178	262	179	261	2	83	78.4194793701172	3.1e-22	5.2e-26	Bromodomain	0	1	1
>single_test_file_MdoGNATa	Acetyltransf_1	PF00583.25	CL0257	1	58	4	58	61	117	28.4251441955566	1.5e-06	2.5e-10	Acetyltransferase (GNAT) family	0	1	2
>single_test_file_MdoGNATa	Acetyltransf_10	PF13673.7	CL0257	1	73	4	61	52	109	27.909366607666	1.8e-06	3.0e-10	Acetyltransferase (GNAT) domain	1	1	3
>single_test_file_MeGNATa	Bromodomain	PF00439.25		437	521	439	520	3	83	76.62158203125	1.1e-21	1.9e-25	Bromodomain	0	1	1
>single_test_file_MeGNATa	Acetyltransf_1	PF00583.25	CL0257	182	315	242	315	55	117	29.3396797180176	7.8e-07	1.3e-10	Acetyltransferase (GNAT) family	0	1	2
>single_test_file_MeGNATa	Acetyltransf_10	PF13673.7	CL0257	249	329	258	317	52	108	25.4407329559326	1.0e-05	1.7e-09	Acetyltransferase (GNAT) domain	1	1	3
>single_test_file_MeGNATb	Bromodomain	PF00439.25		462	546	464	545	3	83	76.7723922729492	1.0e-21	1.7e-25	Bromodomain	0	1	1
>single_test_file_MeGNATb	Acetyltransf_1	PF00583.25	CL0257	233	340	267	340	40	117	32.8363990783691	6.4e-08	1.1e-11	Acetyltransferase (GNAT) family	0	1	2
>single_test_file_MeGNATb	Acetyltransf_10	PF13673.7	CL0257	222	353	251	342	22	108	31.5139713287354	1.4e-07	2.3e-11	Acetyltransferase (GNAT) domain	1	1	3
>single_test_file_MguGNATa_1	Bromodomain	PF00439.25		444	528	445	527	2	83	78.2485809326172	3.5e-22	5.9e-26	Bromodomain	0	1	1
>single_test_file_MguGNATa_1	Acetyltransf_1	PF00583.25	CL0257	183	322	243	322	34	117	34.2327651977539	2.4e-08	4.0e-12	Acetyltransferase (GNAT) family	0	1	2
>single_test_file_MguGNATa_1	Acetyltransf_10	PF13673.7	CL0257	185	335	232	324	21	108	30.594783782959	2.7e-07	4.4e-11	Acetyltransferase (GNAT) domain	1	1	3
>single_test_file_MguGNATa_2	Bromodomain	PF00439.25		443	527	444	526	2	83	78.2524108886719	3.5e-22	5.9e-26	Bromodomain	0	1	1
>single_test_file_MguGNATa_2	Acetyltransf_1	PF00583.25	CL0257	183	322	243	322	34	117	34.2369232177734	2.4e-08	4.0e-12	Acetyltransferase (GNAT) family	0	1	2
>single_test_file_MguGNATa_2	Acetyltransf_10	PF13673.7	CL0257	185	335	232	324	21	108	30.5990810394287	2.6e-07	4.4e-11	Acetyltransferase (GNAT) domain	1	1	3
>single_test_file_MtruGNATa	Bromodomain	PF00439.25		343	427	343	426	1	83	79.6785354614258	1.3e-22	2.8e-26	Bromodomain	0	1	1
>single_test_file_MtruGNATa	Acetyltransf_1	PF00583.25	CL0257	112	220	128	220	20	117	45.6871185302734	6.7e-12	1.5e-15	Acetyltransferase (GNAT) family	0	1	2
>single_test_file_MtruGNATa	Acetyltransf_10	PF13673.7	CL0257	105	234	128	223	20	109	34.2276840209961	2.0e-08	4.4e-12	Acetyltransferase (GNAT) domain	1	1	3
>single_test_file_PpatGNATa	Bromodomain	PF00439.25		428	512	429	510	2	82	78.1764526367188	3.7e-22	6.3e-26	Bromodomain	0	1	1
>single_test_file_PpatGNATa	Acetyltransf_1	PF00583.25	CL0257	188	306	227	306	34	117	37.107723236084	3.0e-09	5.1e-13	Acetyltransferase (GNAT) family	0	1	2
>single_test_file_PpatGNATa	Acetyltransf_10	PF13673.7	CL0257	165	322	215	316	20	116	34.6811561584473	1.4e-08	2.4e-12	Acetyltransferase (GNAT) domain	1	1	3
>single_test_file_PperGNATa	Bromodomain	PF00439.25		445	529	446	528	2	83	73.3601226806641	1.2e-20	2.0e-24	Bromodomain	0	1	1
>single_test_file_PperGNATa	Acetyltransf_1	PF00583.25	CL0257	213	325	247	325	35	117	34.4162788391113	2.1e-08	3.5e-12	Acetyltransferase (GNAT) family	0	1	2
>single_test_file_PperGNATa	Acetyltransf_10	PF13673.7	CL0257	211	340	236	328	22	109	31.7440986633301	1.2e-07	2.0e-11	Acetyltransferase (GNAT) domain	1	1	3
>single_test_file_PtGNATa_1	Bromodomain	PF00439.25		453	537	455	536	3	83	76.1506958007812	1.6e-21	2.7e-25	Bromodomain	0	1	1
>single_test_file_PtGNATa_1	Acetyltransf_1	PF00583.25	CL0257	222	331	256	331	38	117	33.8400039672852	3.1e-08	5.3e-12	Acetyltransferase (GNAT) family	0	1	2
>single_test_file_PtGNATa_1	Acetyltransf_10	PF13673.7	CL0257	194	345	240	333	20	108	30.7368087768555	2.4e-07	4.0e-11	Acetyltransferase (GNAT) domain	1	1	3
>single_test_file_PtGNATa_2	Acetyltransf_1	PF00583.25	CL0257	220	331	256	331	38	117	34.2529525756836	2.3e-08	2.6e-12	Acetyltransferase (GNAT) family	0	1	1
>single_test_file_PtGNATa_2	Acetyltransf_10	PF13673.7	CL0257	192	345	240	333	20	108	31.1675987243652	1.8e-07	2.0e-11	Acetyltransferase (GNAT) domain	1	1	2
>single_test_file_PtGNATa_3	Bromodomain	PF00439.25		259	343	261	342	3	83	77.1108322143555	8.0e-22	1.3e-25	Bromodomain	0	1	1
>single_test_file_PtGNATa_3	Acetyltransf_1	PF00583.25	CL0257	31	137	62	137	38	117	34.799388885498	1.6e-08	2.6e-12	Acetyltransferase (GNAT) family	0	1	2
>single_test_file_PtGNATa_3	Acetyltransf_10	PF13673.7	CL0257	16	151	46	139	20	108	31.729118347168	1.2e-07	2.0e-11	Acetyltransferase (GNAT) domain	1	1	3
>single_test_file_PtGNATb_1	Bromodomain	PF00439.25		463	547	471	544	9	81	71.941047668457	3.3e-20	5.5e-24	Bromodomain	0	1	1
>single_test_file_PtGNATb_1	Acetyltransf_1	PF00583.25	CL0257	197	333	254	333	34	117	34.7208595275879	1.7e-08	2.8e-12	Acetyltransferase (GNAT) family	0	1	2
>single_test_file_PtGNATb_1	Acetyltransf_10	PF13673.7	CL0257	211	347	242	335	20	108	31.8034915924072	1.1e-07	1.9e-11	Acetyltransferase (GNAT) domain	1	1	3
>single_test_file_PtGNATb_2	Bromodomain	PF00439.25		455	539	457	538	3	83	77.6275482177734	5.5e-22	9.3e-26	Bromodomain	0	1	1
>single_test_file_PtGNATb_2	Acetyltransf_1	PF00583.25	CL0257	196	333	254	333	34	117	34.7391014099121	1.7e-08	2.8e-12	Acetyltransferase (GNAT) family	0	1	2
>single_test_file_PtGNATb_2	Acetyltransf_10	PF13673.7	CL0257	211	347	242	335	20	108	31.819860458374	1.1e-07	1.9e-11	Acetyltransferase (GNAT) domain	1	1	3
>single_test_file_PtGNATb_3	Acetyltransf_1	PF00583.25	CL0257	194	333	254	333	34	117	35.0505790710449	1.3e-08	1.5e-12	Acetyltransferase (GNAT) family	0	1	1
>single_test_file_PtGNATb_3	Acetyltransf_10	PF13673.7	CL0257	200	347	242	335	20	108	32.1648406982422	8.7e-08	9.7e-12	Acetyltransferase (GNAT) domain	1	1	2
>single_test_file_PhvGNATa	Bromodomain	PF00439.25		435	519	436	518	2	83	73.9113388061523	8.0e-21	1.3e-24	Bromodomain	0	1	1
>single_test_file_PhvGNATa	Acetyltransf_1	PF00583.25	CL0257	206	315	237	315	35	117	34.8119621276855	1.6e-08	2.6e-12	Acetyltransferase (GNAT) family	0	1	2
>single_test_file_PhvGNATa	Acetyltransf_10	PF13673.7	CL0257	194	329	224	318	20	109	32.3168334960938	7.8e-08	1.3e-11	Acetyltransferase (GNAT) domain	1	1	3
>single_test_file_RcGNATa	Bromodomain	PF00439.25		457	541	459	540	3	83	77.7149887084961	5.2e-22	8.7e-26	Bromodomain	0	1	1
>single_test_file_RcGNATa	Acetyltransf_1	PF00583.25	CL0257	227	335	257	335	35	117	34.6609802246094	1.7e-08	2.9e-12	Acetyltransferase (GNAT) family	0	1	2
>single_test_file_RcGNATa	Acetyltransf_10	PF13673.7	CL0257	227	349	246	337	22	108	30.5044555664062	2.8e-07	4.7e-11	Acetyltransferase (GNAT) domain	1	1	3
>single_test_file_SlyGNATa	Acetyltransf_1	PF00583.25	CL0257	212	320	243	320	36	117	36.1472625732422	6.0e-09	6.7e-13	Acetyltransferase (GNAT) family	0	1	1
>single_test_file_SlyGNATa	Acetyltransf_10	PF13673.7	CL0257	207	335	231	323	22	109	31.9311580657959	1.0e-07	1.1e-11	Acetyltransferase (GNAT) domain	1	1	2
>single_test_file_SmoGNATa	Bromodomain	PF00439.25		414	498	417	497	4	83	72.3459777832031	2.5e-20	4.1e-24	Bromodomain	0	1	1
>single_test_file_SmoGNATa	Acetyltransf_1	PF00583.25	CL0257	160	292	213	292	34	117	40.2459259033203	3.2e-10	5.4e-14	Acetyltransferase (GNAT) family	0	1	2
>single_test_file_SmoGNATa	Acetyltransf_10	PF13673.7	CL0257	185	304	205	294	24	108	33.813835144043	2.7e-08	4.5e-12	Acetyltransferase (GNAT) domain	1	1	3
>single_test_file_TheGNATa	Bromodomain	PF00439.25		458	542	460	541	3	83	69.7268371582031	1.6e-19	2.7e-23	Bromodomain	0	1	1
>single_test_file_TheGNATa	Acetyltransf_1	PF00583.25	CL0257	225	336	258	336	35	117	35.4705238342285	9.8e-09	1.6e-12	Acetyltransferase (GNAT) family	0	1	2
>single_test_file_TheGNATa	Acetyltransf_10	PF13673.7	CL0257	199	350	245	339	20	109	32.812816619873	5.5e-08	9.1e-12	Acetyltransferase (GNAT) domain	1	1	3
>single_test_file_ThaGNATa	Bromodomain	PF00439.25		463	548	464	547	2	83	80.8879547119141	5.3e-23	8.9e-27	Bromodomain	0	1	1
>single_test_file_ThaGNATa	Acetyltransf_1	PF00583.25	CL0257	236	342	263	342	34	117	35.2425079345703	1.2e-08	1.9e-12	Acetyltransferase (GNAT) family	0	1	2
>single_test_file_ThaGNATa	Acetyltransf_10	PF13673.7	CL0257	222	356	251	344	20	108	32.1568717956543	8.7e-08	1.5e-11	Acetyltransferase (GNAT) domain	1	1	3
>single_test_file_VvGNATa	Bromodomain	PF00439.25		311	395	316	394	6	83	78.4900360107422	3.0e-22	5.0e-26	Bromodomain	0	1	1
>single_test_file_VvGNATa	Acetyltransf_1	PF00583.25	CL0257	43	148	70	148	35	117	36.6968765258789	4.1e-09	6.8e-13	Acetyltransferase (GNAT) family	0	1	2
>single_test_file_VvGNATa	Acetyltransf_10	PF13673.7	CL0257	29	163	57	151	20	109	33.6811370849609	2.9e-08	4.9e-12	Acetyltransferase (GNAT) domain	1	1	3
>single_test_file_VvGNATc	Bromodomain	PF00439.25		331	415	332	414	2	83	82.9364166259766	1.2e-23	2.0e-27	Bromodomain	0	1	1
>single_test_file_VvGNATc	Acetyltransf_10	PF13673.7	CL0257	105	225	131	218	32	114	32.5854225158691	6.4e-08	1.1e-11	Acetyltransferase (GNAT) domain	0	1	2
>single_test_file_VvGNATc	Acetyltransf_1	PF00583.25	CL0257	99	210	126	210	29	117	24.7840366363525	2.0e-05	3.4e-09	Acetyltransferase (GNAT) family	1	1	3
>single_test_file_BrGNATb	Hat1_N	PF10394.9	CL0361	28	195	30	195	3	160	92.8617401123047	2.4e-26	2.7e-30	Histone acetyl transferase HAT1 N-terminus	0	1	1
>single_test_file_BrGNATb	Acetyltransf_1	PF00583.25	CL0257	195	290	225	285	43	104	22.0531063079834	0.00014	1.6e-08	Acetyltransferase (GNAT) family	0	1	2
>single_test_file_BrGNATc	Hat1_N	PF10394.9	CL0361	28	195	30	195	3	160	91.0254364013672	9.0e-26	1.0e-29	Histone acetyl transferase HAT1 N-terminus	0	1	1
>single_test_file_BrGNATc	Acetyltransf_1	PF00583.25	CL0257	194	290	220	285	43	104	25.259859085083	1.4e-05	1.6e-09	Acetyltransferase (GNAT) family	0	1	2
>single_test_file_AqGNATc_1	Hat1_N	PF10394.9	CL0361	71	244	73	244	3	160	80.2093963623047	1.9e-22	2.1e-26	Histone acetyl transferase HAT1 N-terminus	0	1	1
>single_test_file_AqGNATc_1	Acetyltransf_1	PF00583.25	CL0257	242	343	275	336	43	105	23.3695201873779	5.5e-05	6.2e-09	Acetyltransferase (GNAT) family	0	1	2
>single_test_file_AqGNATc_2	Hat1_N	PF10394.9	CL0361	71	242	73	242	3	160	82.8129119873047	3.0e-23	3.4e-27	Histone acetyl transferase HAT1 N-terminus	0	1	1
>single_test_file_AqGNATc_2	Acetyltransf_1	PF00583.25	CL0257	240	341	273	334	43	105	23.3778190612793	5.5e-05	6.1e-09	Acetyltransferase (GNAT) family	0	1	2
>single_test_file_AqGNATc_3	Hat1_N	PF10394.9	CL0361	71	244	73	244	3	160	80.2548446655273	1.8e-22	1.0e-26	Histone acetyl transferase HAT1 N-terminus	0	1	1
>single_test_file_AqGNATd	Hat1_N	PF10394.9	CL0361	3	164	14	164	27	160	66.9113693237305	2.4e-18	1.3e-22	Histone acetyl transferase HAT1 N-terminus	0	1	1
>single_test_file_AqGNATe	Hat1_N	PF10394.9	CL0361	54	225	56	225	3	160	80.5935134887695	1.5e-22	1.6e-26	Histone acetyl transferase HAT1 N-terminus	0	1	1
>single_test_file_AqGNATe	Acetyltransf_1	PF00583.25	CL0257	221	321	256	308	43	94	21.8065700531006	0.00017	1.9e-08	Acetyltransferase (GNAT) family	0	1	2
>single_test_file_AtGNATb	Hat1_N	PF10394.9	CL0361	28	195	30	195	3	160	94.9362945556641	5.6e-27	6.3e-31	Histone acetyl transferase HAT1 N-terminus	0	1	1
>single_test_file_AtGNATb	Acetyltransf_1	PF00583.25	CL0257	195	290	220	282	43	101	26.783447265625	4.8e-06	5.4e-10	Acetyltransferase (GNAT) family	0	1	2
>single_test_file_CclGNATb	Hat1_N	PF10394.9	CL0361	29	199	30	199	3	160	88.4974365234375	5.4e-25	3.0e-29	Histone acetyl transferase HAT1 N-terminus	0	1	1
>single_test_file_CpaGNATb	Hat1_N	PF10394.9	CL0361	28	199	30	199	3	160	80.2522201538086	1.9e-22	1.0e-26	Histone acetyl transferase HAT1 N-terminus	0	1	1
>single_test_file_CruGNATb	Hat1_N	PF10394.9	CL0361	28	195	30	195	3	160	93.608512878418	1.4e-26	1.6e-30	Histone acetyl transferase HAT1 N-terminus	0	1	1
>single_test_file_CruGNATb	Acetyltransf_1	PF00583.25	CL0257	195	290	224	285	42	104	25.2021675109863	1.5e-05	1.7e-09	Acetyltransferase (GNAT) family	0	1	2
>single_test_file_CsaGNATb	Hat1_N	PF10394.9	CL0361	28	201	30	201	3	160	73.3924407958984	2.4e-20	2.7e-24	Histone acetyl transferase HAT1 N-terminus	0	1	1
>single_test_file_CsaGNATb	Acetyltransf_1	PF00583.25	CL0257	203	295	231	283	42	93	23.6856689453125	4.4e-05	4.9e-09	Acetyltransferase (GNAT) family	0	1	2
>single_test_file_CsiGNATb_1	Hat1_N	PF10394.9	CL0361	29	199	30	199	3	160	87.7341003417969	9.2e-25	5.2e-29	Histone acetyl transferase HAT1 N-terminus	0	1	1
>single_test_file_EgrGNATb	Hat1_N	PF10394.9	CL0361	70	241	73	241	4	160	70.6260452270508	1.7e-19	1.9e-23	Histone acetyl transferase HAT1 N-terminus	0	1	1
>single_test_file_EgrGNATb	Acetyltransf_1	PF00583.25	CL0257	243	338	268	316	39	86	26.531717300415	5.8e-06	6.5e-10	Acetyltransferase (GNAT) family	0	1	2
>single_test_file_FveGNATb	Hat1_N	PF10394.9	CL0361	30	200	48	200	7	160	73.9789810180664	1.6e-20	1.8e-24	Histone acetyl transferase HAT1 N-terminus	0	1	1
>single_test_file_FveGNATb	Acetyltransf_1	PF00583.25	CL0257	199	297	225	289	43	102	21.6689720153809	0.00019	2.1e-08	Acetyltransferase (GNAT) family	0	1	2
>single_test_file_GmGNATc	Hat1_N	PF10394.9	CL0361	28	199	30	199	3	160	77.2531280517578	1.5e-21	2.6e-25	Histone acetyl transferase HAT1 N-terminus	0	1	1
>single_test_file_GmGNATc	MOZ_SAS	PF01853.18	CL0257	182	302	209	294	47	122	32.6274032592773	5.7e-08	9.5e-12	MOZ/SAS family	0	1	2
>single_test_file_GmGNATc	Acetyltransf_1	PF00583.25	CL0257	201	297	229	291	42	105	27.0539627075195	4.0e-06	6.7e-10	Acetyltransferase (GNAT) family	1	1	3
>single_test_file_GmGNATd_1	Hat1_N	PF10394.9	CL0361	28	200	30	154	3	128	76.2552947998047	3.1e-21	3.5e-25	Histone acetyl transferase HAT1 N-terminus	0	1	1
>single_test_file_GmGNATd_1	Acetyltransf_1	PF00583.25	CL0257	202	298	229	292	41	105	24.0341930389404	3.4e-05	3.8e-09	Acetyltransferase (GNAT) family	0	1	2
>single_test_file_GmGNATd_2	Hat1_N	PF10394.9	CL0361	28	199	30	199	3	160	79.3910598754883	3.4e-22	3.8e-26	Histone acetyl transferase HAT1 N-terminus	0	1	1
>single_test_file_GmGNATd_2	Acetyltransf_1	PF00583.25	CL0257	201	297	228	291	41	105	24.0387382507324	3.4e-05	3.8e-09	Acetyltransferase (GNAT) family	0	1	2
>single_test_file_GrGNATb	Hat1_N	PF10394.9	CL0361	29	200	32	200	4	160	87.9833374023438	7.7e-25	8.6e-29	Histone acetyl transferase HAT1 N-terminus	0	1	1
>single_test_file_GrGNATb	Acetyltransf_1	PF00583.25	CL0257	205	298	232	292	44	105	26.224817276001	7.2e-06	8.0e-10	Acetyltransferase (GNAT) family	0	1	2
>single_test_file_LuGNATb	Hat1_N	PF10394.9	CL0361	29	204	31	204	3	160	86.708854675293	1.9e-24	2.1e-28	Histone acetyl transferase HAT1 N-terminus	0	1	1
>single_test_file_LuGNATb	Acetyltransf_1	PF00583.25	CL0257	205	297	218	285	35	94	22.3126392364502	0.00012	1.3e-08	Acetyltransferase (GNAT) family	0	1	2
>single_test_file_LuGNATc	Acetyltransf_1	PF00583.25	CL0257	97	189	111	176	35	92	23.9750576019287	3.6e-05	2.0e-09	Acetyltransferase (GNAT) family	0	1	1
>single_test_file_MdoGNATc	Hat1_N	PF10394.9	CL0361	29	200	31	200	3	160	72.3828887939453	4.9e-20	5.4e-24	Histone acetyl transferase HAT1 N-terminus	0	1	1
>single_test_file_MdoGNATc	Acetyltransf_1	PF00583.25	CL0257	202	298	230	292	42	105	26.2867603302002	6.9e-06	7.7e-10	Acetyltransferase (GNAT) family	0	1	2
>single_test_file_MdoGNATd	Hat1_N	PF10394.9	CL0361	29	171	32	136	4	112	69.4086837768555	4.0e-19	4.5e-23	Histone acetyl transferase HAT1 N-terminus	0	1	1
>single_test_file_MdoGNATd	Acetyltransf_1	PF00583.25	CL0257	110	233	178	226	55	104	23.2938613891602	5.8e-05	6.5e-09	Acetyltransferase (GNAT) family	0	1	2
>single_test_file_MeGNATc	Hat1_N	PF10394.9	CL0361	28	199	30	199	3	160	84.76708984375	7.6e-24	8.4e-28	Histone acetyl transferase HAT1 N-terminus	0	1	1
>single_test_file_MeGNATc	Acetyltransf_1	PF00583.25	CL0257	201	297	220	290	41	104	26.4122791290283	6.3e-06	7.0e-10	Acetyltransferase (GNAT) family	0	1	2
>single_test_file_MguGNATb	Hat1_N	PF10394.9	CL0361	30	197	31	197	3	160	80.870231628418	1.2e-22	6.7e-27	Histone acetyl transferase HAT1 N-terminus	0	1	1
>single_test_file_MtruGNATb	Hat1_N	PF10394.9	CL0361	30	193	32	193	3	160	76.8006820678711	2.1e-21	2.4e-25	Histone acetyl transferase HAT1 N-terminus	0	1	1
>single_test_file_MtruGNATb	Acetyltransf_1	PF00583.25	CL0257	196	291	220	285	43	105	25.2771015167236	1.4e-05	1.6e-09	Acetyltransferase (GNAT) family	0	1	2
>single_test_file_PperGNATb	Hat1_N	PF10394.9	CL0361	29	202	31	202	3	160	68.3139114379883	8.7e-19	9.7e-23	Histone acetyl transferase HAT1 N-terminus	0	1	1
>single_test_file_PperGNATb	Acetyltransf_1	PF00583.25	CL0257	204	300	232	294	42	105	26.9696178436279	4.2e-06	4.7e-10	Acetyltransferase (GNAT) family	0	1	2
>single_test_file_PtGNATc_1	Hat1_N	PF10394.9	CL0361	28	198	30	198	3	160	86.5266952514648	2.2e-24	2.4e-28	Histone acetyl transferase HAT1 N-terminus	0	1	1
>single_test_file_PtGNATc_1	Acetyltransf_1	PF00583.25	CL0257	197	295	221	279	41	92	21.0590286254883	0.00029	3.2e-08	Acetyltransferase (GNAT) family	0	1	2
>single_test_file_PtGNATc_2	Hat1_N	PF10394.9	CL0361	3	163	5	163	13	160	74.8378753662109	8.6e-21	9.6e-25	Histone acetyl transferase HAT1 N-terminus	0	1	1
>single_test_file_PtGNATc_2	Acetyltransf_1	PF00583.25	CL0257	162	260	186	244	41	92	21.2316970825195	0.00026	2.8e-08	Acetyltransferase (GNAT) family	0	1	2
>single_test_file_PhvGNATb	Hat1_N	PF10394.9	CL0361	29	199	30	199	3	160	76.0657348632812	3.6e-21	4.0e-25	Histone acetyl transferase HAT1 N-terminus	0	1	1
>single_test_file_PhvGNATb	Acetyltransf_1	PF00583.25	CL0257	201	297	229	291	42	105	27.4703121185303	3.0e-06	3.3e-10	Acetyltransferase (GNAT) family	0	1	2
>single_test_file_RcGNATb	Hat1_N	PF10394.9	CL0361	28	197	30	197	3	160	87.935661315918	8.0e-25	8.9e-29	Histone acetyl transferase HAT1 N-terminus	0	1	1
>single_test_file_RcGNATb	Acetyltransf_1	PF00583.25	CL0257	197	295	219	288	41	104	26.9723777770996	4.2e-06	4.7e-10	Acetyltransferase (GNAT) family	0	1	2
>single_test_file_SlyGNATb	Hat1_N	PF10394.9	CL0361	28	192	30	192	3	160	76.8330917358398	2.1e-21	2.3e-25	Histone acetyl transferase HAT1 N-terminus	0	1	1
>single_test_file_SlyGNATb	Acetyltransf_1	PF00583.25	CL0257	190	282	203	272	33	102	28.0098037719727	2.0e-06	2.3e-10	Acetyltransferase (GNAT) family	0	1	2
>single_test_file_TheGNATb	Hat1_N	PF10394.9	CL0361	29	200	31	200	3	160	80.0255279541016	2.2e-22	1.2e-26	Histone acetyl transferase HAT1 N-terminus	0	1	1
>single_test_file_ThaGNATb	Hat1_N	PF10394.9	CL0361	28	195	30	195	3	160	96.274658203125	2.2e-27	2.4e-31	Histone acetyl transferase HAT1 N-terminus	0	1	1
>single_test_file_ThaGNATb	Acetyltransf_1	PF00583.25	CL0257	196	291	224	285	42	104	26.593599319458	5.5e-06	6.2e-10	Acetyltransferase (GNAT) family	0	1	2
>single_test_file_VvGNATb	Hat1_N	PF10394.9	CL0361	27	195	29	195	3	160	82.4202728271484	4.0e-23	4.4e-27	Histone acetyl transferase HAT1 N-terminus	0	1	1
>single_test_file_VvGNATb	Acetyltransf_1	PF00583.25	CL0257	197	292	227	286	44	104	23.8354148864746	4.0e-05	4.4e-09	Acetyltransferase (GNAT) family	0	1	2
>single_test_file_BrGNATd	Radical_SAM_C	PF16199.5		330	411	331	409	2	80	108.006164550781	1.8e-31	4.0e-35	Radical_SAM C-terminal domain	0	1	1
>single_test_file_BrGNATd	Radical_SAM	PF04055.21	CL0036	112	322	125	313	9	158	62.1183891296387	8.0e-17	1.8e-20	Radical SAM superfamily	0	1	2
>single_test_file_BrGNATd	Acetyltransf_1	PF00583.25	CL0257	416	553	417	553	2	117	41.3050079345703	1.5e-10	3.4e-14	Acetyltransferase (GNAT) family	0	1	3
>single_test_file_BrGNATd	Acetyltransf_10	PF13673.7	CL0257	420	563	507	558	60	111	25.6988906860352	8.7e-06	1.9e-09	Acetyltransferase (GNAT) domain	1	1	4
>single_test_file_AqGNATf_1	Radical_SAM_C	PF16199.5		328	409	329	407	2	80	108.77653503418	1.0e-31	2.3e-35	Radical_SAM C-terminal domain	0	1	1
>single_test_file_AqGNATf_1	Radical_SAM	PF04055.21	CL0036	110	320	123	311	9	158	63.0446853637695	4.1e-17	9.2e-21	Radical SAM superfamily	0	1	2
>single_test_file_AqGNATf_1	Acetyltransf_1	PF00583.25	CL0257	414	551	415	551	2	117	40.5048942565918	2.7e-10	6.0e-14	Acetyltransferase (GNAT) family	0	1	3
>single_test_file_AqGNATf_1	Acetyltransf_10	PF13673.7	CL0257	419	560	481	555	42	110	26.986421585083	3.5e-06	7.7e-10	Acetyltransferase (GNAT) domain	1	1	4
>single_test_file_AtGNATc	Radical_SAM_C	PF16199.5		330	411	331	409	2	80	108.006164550781	1.8e-31	4.0e-35	Radical_SAM C-terminal domain	0	1	1
>single_test_file_AtGNATc	Radical_SAM	PF04055.21	CL0036	112	322	125	313	9	158	60.1193084716797	3.3e-16	7.3e-20	Radical SAM superfamily	0	1	2
>single_test_file_AtGNATc	Acetyltransf_1	PF00583.25	CL0257	416	553	417	553	2	117	42.2713241577148	7.6e-11	1.7e-14	Acetyltransferase (GNAT) family	0	1	3
>single_test_file_AtGNATc	Acetyltransf_10	PF13673.7	CL0257	421	563	507	558	60	111	25.6784820556641	8.8e-06	2.0e-09	Acetyltransferase (GNAT) domain	1	1	4
>single_test_file_CclGNATc	Radical_SAM_C	PF16199.5		329	410	330	408	2	80	108.772903442383	1.0e-31	2.3e-35	Radical_SAM C-terminal domain	0	1	1
>single_test_file_CclGNATc	Radical_SAM	PF04055.21	CL0036	111	322	124	318	9	163	63.9091262817383	2.2e-17	5.0e-21	Radical SAM superfamily	0	1	2
>single_test_file_CclGNATc	Acetyltransf_1	PF00583.25	CL0257	415	552	416	552	2	117	37.7704238891602	1.9e-09	4.2e-13	Acetyltransferase (GNAT) family	0	1	3
>single_test_file_CpaGNATc	Radical_SAM_C	PF16199.5		329	410	330	408	2	80	108.772903442383	1.0e-31	2.3e-35	Radical_SAM C-terminal domain	0	1	1
>single_test_file_CpaGNATc	Radical_SAM	PF04055.21	CL0036	111	322	124	312	9	158	63.5713577270508	2.9e-17	6.4e-21	Radical SAM superfamily	0	1	2
>single_test_file_CpaGNATc	Acetyltransf_1	PF00583.25	CL0257	415	552	416	552	2	117	37.295783996582	2.7e-09	5.9e-13	Acetyltransferase (GNAT) family	0	1	3
>single_test_file_CpaGNATc	Acetyltransf_10	PF13673.7	CL0257	421	560	457	553	20	107	23.7247886657715	3.5e-05	7.9e-09	Acetyltransferase (GNAT) domain	1	1	4
>single_test_file_CruGNATc	Radical_SAM_C	PF16199.5		330	411	331	409	2	80	108.009834289551	1.8e-31	3.9e-35	Radical_SAM C-terminal domain	0	1	1
>single_test_file_CruGNATc	Radical_SAM	PF04055.21	CL0036	112	322	125	313	9	158	62.123649597168	8.0e-17	1.8e-20	Radical SAM superfamily	0	1	2
>single_test_file_CruGNATc	Acetyltransf_1	PF00583.25	CL0257	416	553	417	553	2	117	42.1163711547852	8.5e-11	1.9e-14	Acetyltransferase (GNAT) family	0	1	3
>single_test_file_CruGNATc	Acetyltransf_10	PF13673.7	CL0257	421	563	507	558	60	111	25.6679077148438	8.9e-06	2.0e-09	Acetyltransferase (GNAT) domain	1	1	4
>single_test_file_CsaGNATc	Radical_SAM_C	PF16199.5		329	410	330	408	2	80	108.772903442383	1.0e-31	2.3e-35	Radical_SAM C-terminal domain	0	1	1
>single_test_file_CsaGNATc	Radical_SAM	PF04055.21	CL0036	111	322	124	312	9	158	65.1347351074219	9.4e-18	2.1e-21	Radical SAM superfamily	0	1	2
>single_test_file_CsaGNATc	Acetyltransf_1	PF00583.25	CL0257	415	552	417	552	3	117	37.2978668212891	2.7e-09	5.9e-13	Acetyltransferase (GNAT) family	0	1	3
>single_test_file_CsaGNATc	Acetyltransf_10	PF13673.7	CL0257	420	562	507	557	61	111	26.2429752349854	5.9e-06	1.3e-09	Acetyltransferase (GNAT) domain	1	1	4
>single_test_file_CsiGNATc	Radical_SAM_C	PF16199.5		329	410	330	408	2	80	108.772903442383	1.0e-31	2.3e-35	Radical_SAM C-terminal domain	0	1	1
>single_test_file_CsiGNATc	Radical_SAM	PF04055.21	CL0036	111	322	124	318	9	163	63.9091262817383	2.2e-17	5.0e-21	Radical SAM superfamily	0	1	2
>single_test_file_CsiGNATc	Acetyltransf_1	PF00583.25	CL0257	415	552	416	552	2	117	37.7704238891602	1.9e-09	4.2e-13	Acetyltransferase (GNAT) family	0	1	3
>single_test_file_EgrGNATc_1	Radical_SAM_C	PF16199.5		330	411	331	409	2	80	108.769233703613	1.0e-31	2.3e-35	Radical_SAM C-terminal domain	0	1	1
>single_test_file_EgrGNATc_1	Radical_SAM	PF04055.21	CL0036	112	323	125	319	9	163	63.1864471435547	3.7e-17	8.4e-21	Radical SAM superfamily	0	1	2
>single_test_file_EgrGNATc_1	Acetyltransf_1	PF00583.25	CL0257	416	553	417	553	2	117	41.296257019043	1.5e-10	3.4e-14	Acetyltransferase (GNAT) family	0	1	3
>single_test_file_EgrGNATc_1	Acetyltransf_10	PF13673.7	CL0257	422	562	494	557	53	110	26.5024433135986	4.9e-06	1.1e-09	Acetyltransferase (GNAT) domain	1	1	4
>single_test_file_EgrGNATc_2	Radical_SAM_C	PF16199.5		330	411	331	409	2	80	108.991775512695	8.7e-32	9.7e-36	Radical_SAM C-terminal domain	0	1	1
>single_test_file_EgrGNATc_2	Radical_SAM	PF04055.21	CL0036	112	323	125	319	9	163	63.5127639770508	3.0e-17	3.3e-21	Radical SAM superfamily	0	1	2
>single_test_file_EgrGNATd	Radical_SAM_C	PF16199.5		315	396	316	394	2	80	108.847663879395	9.7e-32	2.2e-35	Radical_SAM C-terminal domain	0	1	1
>single_test_file_EgrGNATd	Radical_SAM	PF04055.21	CL0036	112	308	125	304	9	163	64.1853485107422	1.8e-17	4.1e-21	Radical SAM superfamily	0	1	2
>single_test_file_EgrGNATd	Acetyltransf_1	PF00583.25	CL0257	401	532	456	532	55	117	32.3822135925293	8.9e-08	2.0e-11	Acetyltransferase (GNAT) family	0	1	3
>single_test_file_EgrGNATd	Acetyltransf_10	PF13673.7	CL0257	461	541	487	536	61	110	25.591136932373	9.4e-06	2.1e-09	Acetyltransferase (GNAT) domain	1	1	4
>single_test_file_FveGNATc	Radical_SAM	PF04055.21	CL0036	114	325	127	315	9	158	56.8298988342285	3.4e-15	7.5e-19	Radical SAM superfamily	0	1	1
>single_test_file_FveGNATc	Radical_SAM	PF04055.21	CL0036	618	803	619	802	2	166	75.3389587402344	6.9e-21	1.5e-24	Radical SAM superfamily	0	1	2
>single_test_file_FveGNATc	Radical_SAM_C	PF16199.5		332	413	333	412	2	81	108.43359375	1.3e-31	2.9e-35	Radical_SAM C-terminal domain	0	1	3
>single_test_file_FveGNATc	Acetyltransf_1	PF00583.25	CL0257	418	555	419	555	2	117	38.678955078125	9.9e-10	2.2e-13	Acetyltransferase (GNAT) family	0	1	4
>single_test_file_FveGNATc	Acetyltransf_10	PF13673.7	CL0257	422	561	510	558	61	109	23.9766540527344	3.0e-05	6.6e-09	Acetyltransferase (GNAT) domain	1	1	5
>single_test_file_GmGNATe	Radical_SAM_C	PF16199.5		328	409	329	408	2	81	109.600982666016	5.6e-32	1.3e-35	Radical_SAM C-terminal domain	0	1	1
>single_test_file_GmGNATe	Radical_SAM	PF04055.21	CL0036	110	321	123	311	9	158	60.4369163513184	2.6e-16	5.9e-20	Radical SAM superfamily	0	1	2
>single_test_file_GmGNATe	Acetyltransf_1	PF00583.25	CL0257	414	551	415	551	2	117	36.2987403869629	5.4e-09	1.2e-12	Acetyltransferase (GNAT) family	0	1	3
>single_test_file_GmGNATe	Acetyltransf_10	PF13673.7	CL0257	417	560	463	555	42	110	25.7059326171875	8.6e-06	1.9e-09	Acetyltransferase (GNAT) domain	1	1	4
>single_test_file_GrGNATc_1	Radical_SAM_C	PF16199.5		329	410	330	408	2	80	108.660125732422	1.1e-31	2.5e-35	Radical_SAM C-terminal domain	0	1	1
>single_test_file_GrGNATc_1	Radical_SAM	PF04055.21	CL0036	111	322	124	312	9	158	64.9511489868164	1.1e-17	2.4e-21	Radical SAM superfamily	0	1	2
>single_test_file_GrGNATc_1	Acetyltransf_1	PF00583.25	CL0257	450	584	458	584	9	117	37.659725189209	2.1e-09	4.6e-13	Acetyltransferase (GNAT) family	0	1	3
>single_test_file_GrGNATc_1	Acetyltransf_10	PF13673.7	CL0257	472	593	538	588	60	110	25.393684387207	1.1e-05	2.4e-09	Acetyltransferase (GNAT) domain	1	1	4
>single_test_file_GrGNATc_5	Radical_SAM_C	PF16199.5		143	224	144	222	2	80	109.653465270996	5.4e-32	1.2e-35	Radical_SAM C-terminal domain	0	1	1
>single_test_file_GrGNATc_5	Radical_SAM	PF04055.21	CL0036	1	136	32	126	64	158	44.6890983581543	1.8e-11	4.1e-15	Radical SAM superfamily	0	1	2
>single_test_file_GrGNATc_5	Acetyltransf_1	PF00583.25	CL0257	229	366	230	366	2	117	39.9440002441406	4.0e-10	9.0e-14	Acetyltransferase (GNAT) family	0	1	3
>single_test_file_GrGNATc_5	Acetyltransf_10	PF13673.7	CL0257	234	375	320	370	60	110	26.6588649749756	4.4e-06	9.8e-10	Acetyltransferase (GNAT) domain	1	1	4
>single_test_file_GrGNATd	Radical_SAM_C	PF16199.5		28	109	29	107	2	80	110.293403625488	3.4e-32	5.7e-36	Radical_SAM C-terminal domain	0	1	1
>single_test_file_GrGNATd	Acetyltransf_1	PF00583.25	CL0257	114	251	115	251	2	117	41.5646820068359	1.3e-10	2.1e-14	Acetyltransferase (GNAT) family	0	1	2
>single_test_file_GrGNATd	Acetyltransf_10	PF13673.7	CL0257	119	260	181	256	42	111	26.9073276519775	3.7e-06	6.1e-10	Acetyltransferase (GNAT) domain	1	1	3
>single_test_file_LuGNATd	Radical_SAM_C	PF16199.5		329	410	330	408	2	80	109.224273681641	7.4e-32	1.6e-35	Radical_SAM C-terminal domain	0	1	1
>single_test_file_LuGNATd	Radical_SAM	PF04055.21	CL0036	111	321	124	312	9	158	59.2701148986816	6.0e-16	1.3e-19	Radical SAM superfamily	0	1	2
>single_test_file_LuGNATd	Acetyltransf_1	PF00583.25	CL0257	415	552	416	552	2	117	40.3381385803223	3.0e-10	6.8e-14	Acetyltransferase (GNAT) family	0	1	3
>single_test_file_LuGNATd	Acetyltransf_10	PF13673.7	CL0257	421	561	484	556	44	110	25.9402236938477	7.3e-06	1.6e-09	Acetyltransferase (GNAT) domain	1	1	4
>single_test_file_LuGNATe	Radical_SAM_C	PF16199.5		335	416	336	414	2	80	109.202476501465	7.5e-32	1.7e-35	Radical_SAM C-terminal domain	0	1	1
>single_test_file_LuGNATe	Radical_SAM	PF04055.21	CL0036	117	328	130	318	9	158	59.0906791687012	6.8e-16	1.5e-19	Radical SAM superfamily	0	1	2
>single_test_file_LuGNATe	Acetyltransf_1	PF00583.25	CL0257	421	558	422	558	2	117	40.1905059814453	3.4e-10	7.5e-14	Acetyltransferase (GNAT) family	0	1	3
>single_test_file_LuGNATe	Acetyltransf_10	PF13673.7	CL0257	426	567	499	563	53	111	26.0749645233154	6.6e-06	1.5e-09	Acetyltransferase (GNAT) domain	1	1	4
>single_test_file_MdoGNATe	Radical_SAM	PF04055.21	CL0036	122	315	126	307	7	156	57.6022796630859	2.0e-15	1.1e-19	Radical SAM superfamily	0	1	1
>single_test_file_MdoGNATf	Radical_SAM	PF04055.21	CL0036	397	539	404	538	36	166	41.1728439331055	2.2e-10	1.2e-14	Radical SAM superfamily	0	1	1
>single_test_file_MdoGNATg	NB-ARC	PF00931.22	CL0023	742	963	743	958	2	212	199.14274597168	6.5e-59	1.5e-62	NB-ARC domain	0	1	1
>single_test_file_MdoGNATg	MULE	PF10551.9	CL0219	269	364	269	364	1	96	86.9924850463867	8.6e-25	1.9e-28	MULE transposase domain	0	1	2
>single_test_file_MdoGNATg	Rx_N	PF18052.1		579	697	581	662	3	84	65.3246383666992	4.5e-18	9.9e-22	Rx N-terminal domain	0	1	3
>single_test_file_MdoGNATg	Radical_SAM_C	PF16199.5		1612	1682	1617	1680	17	80	60.4717903137207	1.2e-16	2.7e-20	Radical_SAM C-terminal domain	0	1	4
>single_test_file_MdoGNATh	NB-ARC	PF00931.22	CL0023	167	418	168	418	2	252	222.103881835938	6.4e-66	1.4e-69	NB-ARC domain	0	1	1
>single_test_file_MdoGNATh	Rx_N	PF18052.1		4	122	6	87	3	84	68.9618072509766	3.3e-19	7.3e-23	Rx N-terminal domain	0	1	2
>single_test_file_MdoGNATi	Radical_SAM	PF04055.21	CL0036	124	295	137	288	9	157	32.0317802429199	1.4e-07	7.9e-12	Radical SAM superfamily	0	1	1
>single_test_file_MdoGNATj	Radical_SAM_C	PF16199.5		46	93	48	92	37	81	47.4571571350098	1.4e-12	2.3e-16	Radical_SAM C-terminal domain	0	1	1
>single_test_file_MdoGNATj	Acetyltransf_1	PF00583.25	CL0257	96	228	114	228	21	117	34.044734954834	2.7e-08	4.5e-12	Acetyltransferase (GNAT) family	0	1	2
>single_test_file_MdoGNATj	Radical_SAM	PF04055.21	CL0036	140	317	147	305	32	146	33.0802536010742	6.7e-08	3.8e-12	Radical SAM superfamily	0	1	1
>single_test_file_MdoGNATk	Radical_SAM	PF04055.21	CL0036	162	355	166	347	7	156	55.1389541625977	1.1e-14	6.2e-19	Radical SAM superfamily	0	1	1
>single_test_file_MdoGNATl	Radical_SAM_C	PF16199.5		111	192	112	190	2	80	100.633140563965	3.5e-29	2.0e-33	Radical_SAM C-terminal domain	0	1	1
>single_test_file_MdoGNATm	Radical_SAM	PF04055.21	CL0036	44	206	76	196	44	158	32.1385116577148	1.3e-07	1.5e-11	Radical SAM superfamily	0	1	1
>single_test_file_MdoGNATn	Acetyltransf_1	PF00583.25	CL0257	28	165	30	165	3	117	43.8178367614746	2.5e-11	2.8e-15	Acetyltransferase (GNAT) family	0	1	1
>single_test_file_MdoGNATn	Acetyltransf_10	PF13673.7	CL0257	31	175	97	170	44	111	29.4478855133057	6.0e-07	6.7e-11	Acetyltransferase (GNAT) domain	1	1	2
>single_test_file_CreGNATa	Bromodomain	PF00439.25		393	477	397	477	5	84	57.6463737487793	9.5e-16	1.6e-19	Bromodomain	0	1	1
>single_test_file_CreGNATa	Acetyltransf_1	PF00583.25	CL0257	114	223	130	223	19	117	37.2026977539062	2.8e-09	4.8e-13	Acetyltransferase (GNAT) family	0	1	2
>single_test_file_CreGNATa	Acetyltransf_10	PF13673.7	CL0257	117	237	143	226	31	109	31.2605628967285	1.7e-07	2.8e-11	Acetyltransferase (GNAT) domain	1	1	3
>single_test_file_CvaGNATa	Bromodomain	PF00439.25		264	348	267	347	4	83	64.3362350463867	7.8e-18	1.3e-21	Bromodomain	0	1	1
>single_test_file_CvaGNATa	Acetyltransf_1	PF00583.25	CL0257	36	145	52	142	22	114	32.4286193847656	8.6e-08	1.4e-11	Acetyltransferase (GNAT) family	0	1	2
>single_test_file_CvaGNATa	Acetyltransf_10	PF13673.7	CL0257	36	161	56	159	26	120	29.1049957275391	7.7e-07	1.3e-10	Acetyltransferase (GNAT) domain	1	1	3
>single_test_file_OlucGNATb	Hat1_N	PF10394.9	CL0361	69	230	69	230	1	160	88.505989074707	5.3e-25	6.0e-29	Histone acetyl transferase HAT1 N-terminus	0	1	1
>single_test_file_OlucGNATb	Acetyltransf_1	PF00583.25	CL0257	153	325	250	309	41	94	21.2252788543701	0.00026	2.9e-08	Acetyltransferase (GNAT) family	0	1	2
>single_test_file_Mpu15GNATb	Hat1_N	PF10394.9	CL0361	64	223	64	223	1	160	129.534469604492	1.3e-37	7.1e-42	Histone acetyl transferase HAT1 N-terminus	0	1	1
>single_test_file_Mpu29GNATa	Hat1_N	PF10394.9	CL0361	62	223	62	223	1	160	117.182327270508	8.1e-34	9.0e-38	Histone acetyl transferase HAT1 N-terminus	0	1	1
>single_test_file_CreGNATc	Hat1_N	PF10394.9	CL0361	106	307	107	307	2	160	66.476676940918	3.2e-18	1.8e-22	Histone acetyl transferase HAT1 N-terminus	0	1	1
>single_test_file_VcarGNATb	Hat1_N	PF10394.9	CL0361	107	306	108	306	2	160	50.4311904907227	2.8e-13	1.5e-17	Histone acetyl transferase HAT1 N-terminus	0	1	1
>single_test_file_CvaGNATb	Hat1_N	PF10394.9	CL0361	17	173	20	173	5	160	95.1565093994141	4.8e-27	5.4e-31	Histone acetyl transferase HAT1 N-terminus	0	1	1
>single_test_file_CvaGNATb	Acetyltransf_1	PF00583.25	CL0257	159	267	186	251	34	94	30.7207851409912	2.9e-07	3.2e-11	Acetyltransferase (GNAT) family	0	1	2
>single_test_file_CsubGNATb	Hat1_N	PF10394.9	CL0361	1	114	1	114	35	160	66.9335250854492	2.3e-18	1.3e-22	Histone acetyl transferase HAT1 N-terminus	0	1	1
>single_test_file_CreGNATb	Radical_SAM_C	PF16199.5		319	400	320	398	2	80	104.92658996582	1.6e-30	3.6e-34	Radical_SAM C-terminal domain	0	1	1
>single_test_file_CreGNATb	Radical_SAM	PF04055.21	CL0036	101	311	114	302	9	158	61.0508842468262	1.7e-16	3.8e-20	Radical SAM superfamily	0	1	2
>single_test_file_CreGNATb	Acetyltransf_1	PF00583.25	CL0257	405	546	426	546	17	117	34.4267234802246	2.1e-08	4.6e-12	Acetyltransferase (GNAT) family	0	1	3
>single_test_file_CreGNATb	Acetyltransf_10	PF13673.7	CL0257	470	555	475	550	41	110	24.8905849456787	1.5e-05	3.4e-09	Acetyltransferase (GNAT) domain	1	1	4
>single_test_file_CvaGNATc	Radical_SAM_C	PF16199.5		283	364	284	362	2	80	107.814254760742	2.0e-31	3.4e-35	Radical_SAM C-terminal domain	0	1	1
>single_test_file_CvaGNATc	Radical_SAM	PF04055.21	CL0036	65	276	78	272	9	163	64.6521148681641	1.3e-17	2.2e-21	Radical SAM superfamily	0	1	2
>single_test_file_CvaGNATc	Acetyltransf_1	PF00583.25	CL0257	378	515	384	515	6	117	36.5484504699707	4.5e-09	7.6e-13	Acetyltransferase (GNAT) family	0	1	3
>single_test_file_GtheGNATd	Hat1_N	PF10394.9	CL0361	52	219	52	219	1	160	51.3677520751953	1.4e-13	1.6e-17	Histone acetyl transferase HAT1 N-terminus	0	1	1
>single_test_file_GtheGNATd	Acetyltransf_1	PF00583.25	CL0257	213	321	250	309	44	99	27.0629253387451	4.0e-06	4.4e-10	Acetyltransferase (GNAT) family	0	1	2
>single_test_file_GtheGNATe	Hat1_N	PF10394.9	CL0361	44	218	46	218	3	160	63.0921096801758	3.5e-17	2.0e-21	Histone acetyl transferase HAT1 N-terminus	0	1	1
>single_test_file_BnatGNATf	Hat1_N	PF10394.9	CL0361	122	290	124	290	3	160	72.0275650024414	6.3e-20	7.0e-24	Histone acetyl transferase HAT1 N-terminus	0	1	1
>single_test_file_BnatGNATf	Acetyltransf_1	PF00583.25	CL0257	281	379	317	372	43	100	24.0422496795654	3.4e-05	3.8e-09	Acetyltransferase (GNAT) family	0	1	2
>single_test_file_EhuxGNATc	Hat1_N	PF10394.9	CL0361	30	178	32	178	3	160	33.0519638061523	6.2e-08	6.9e-12	Histone acetyl transferase HAT1 N-terminus	0	1	1
>single_test_file_EhuxGNATc	Acetyltransf_1	PF00583.25	CL0257	167	277	226	269	59	104	25.1039886474609	1.6e-05	1.8e-09	Acetyltransferase (GNAT) family	0	1	2
>single_test_file_PtriGNATc	Hat1_N	PF10394.9	CL0361	169	260	184	260	83	160	25.9412403106689	9.5e-06	5.3e-10	Histone acetyl transferase HAT1 N-terminus	0	1	1
>single_test_file_PcapGNATd	Hat1_N	PF10394.9	CL0361	28	193	29	193	2	160	123.310813903809	1.0e-35	5.8e-40	Histone acetyl transferase HAT1 N-terminus	0	1	1
>single_test_file_PcinGNATd	Hat1_N	PF10394.9	CL0361	28	187	29	187	2	160	115.249092102051	3.2e-33	1.8e-37	Histone acetyl transferase HAT1 N-terminus	0	1	1
>single_test_file_PsojGNATd	Hat1_N	PF10394.9	CL0361	28	187	29	187	2	160	117.082321166992	8.6e-34	4.8e-38	Histone acetyl transferase HAT1 N-terminus	0	1	1
>single_test_file_AkerGNATc	Hat1_N	PF10394.9	CL0361	84	241	87	241	4	160	48.5981864929199	1.0e-12	5.7e-17	Histone acetyl transferase HAT1 N-terminus	0	1	1
>single_test_file_AlimGNATd	Hat1_N	PF10394.9	CL0361	122	284	125	284	12	160	34.4408378601074	2.3e-08	1.3e-12	Histone acetyl transferase HAT1 N-terminus	0	1	1
>single_test_file_BdGNATa	Bromodomain	PF00439.25		403	487	406	486	4	83	75.6042022705078	2.4e-21	4.0e-25	Bromodomain	0	1	1
>single_test_file_BdGNATa	Acetyltransf_1	PF00583.25	CL0257	174	282	203	282	32	117	37.847972869873	1.8e-09	3.0e-13	Acetyltransferase (GNAT) family	0	1	2
>single_test_file_BdGNATa	Acetyltransf_10	PF13673.7	CL0257	164	297	191	285	20	109	34.3975486755371	1.8e-08	3.0e-12	Acetyltransferase (GNAT) domain	1	1	3
>single_test_file_OsGNATa	Bromodomain	PF00439.25		407	491	408	490	2	83	82.3678894042969	1.8e-23	3.1e-27	Bromodomain	0	1	1
>single_test_file_OsGNATa	Acetyltransf_1	PF00583.25	CL0257	178	286	209	286	36	117	37.4989929199219	2.3e-09	3.9e-13	Acetyltransferase (GNAT) family	0	1	2
>single_test_file_OsGNATa	Acetyltransf_10	PF13673.7	CL0257	164	301	195	289	20	109	34.7139129638672	1.4e-08	2.4e-12	Acetyltransferase (GNAT) domain	1	1	3
>single_test_file_PavGNATa	Bromodomain	PF00439.25		407	492	411	491	4	83	80.0159683227539	1.0e-22	1.7e-26	Bromodomain	0	1	1
>single_test_file_PavGNATa	Acetyltransf_1	PF00583.25	CL0257	179	287	210	287	36	117	35.792064666748	7.8e-09	1.3e-12	Acetyltransferase (GNAT) family	0	1	2
>single_test_file_PavGNATa	Acetyltransf_10	PF13673.7	CL0257	166	302	196	290	20	109	34.2037391662598	2.0e-08	3.4e-12	Acetyltransferase (GNAT) domain	1	1	3
>single_test_file_PavGNATb	Bromodomain	PF00439.25		410	495	414	494	4	83	79.9452819824219	1.0e-22	1.8e-26	Bromodomain	0	1	1
>single_test_file_PavGNATb	Acetyltransf_1	PF00583.25	CL0257	183	290	213	290	36	117	35.6669235229492	8.5e-09	1.4e-12	Acetyltransferase (GNAT) family	0	1	2
>single_test_file_PavGNATb	Acetyltransf_10	PF13673.7	CL0257	168	305	199	293	20	109	33.9453239440918	2.4e-08	4.1e-12	Acetyltransferase (GNAT) domain	1	1	3
>single_test_file_SbGNATa	Bromodomain	PF00439.25		411	495	411	494	1	83	84.4737091064453	4.0e-24	6.8e-28	Bromodomain	0	1	1
>single_test_file_SbGNATa	Acetyltransf_1	PF00583.25	CL0257	182	290	213	290	36	117	35.7789993286133	7.9e-09	1.3e-12	Acetyltransferase (GNAT) family	0	1	2
>single_test_file_SbGNATa	Acetyltransf_10	PF13673.7	CL0257	169	305	199	293	20	109	34.1896781921387	2.0e-08	3.4e-12	Acetyltransferase (GNAT) domain	1	1	3
>single_test_file_SiGNATa	Bromodomain	PF00439.25		410	495	414	494	4	83	79.7594146728516	1.2e-22	2.0e-26	Bromodomain	0	1	1
>single_test_file_SiGNATa	Acetyltransf_1	PF00583.25	CL0257	182	290	213	290	36	117	35.7789993286133	7.9e-09	1.3e-12	Acetyltransferase (GNAT) family	0	1	2
>single_test_file_SiGNATa	Acetyltransf_10	PF13673.7	CL0257	169	305	199	293	20	109	34.1896781921387	2.0e-08	3.4e-12	Acetyltransferase (GNAT) domain	1	1	3
>single_test_file_SiGNATb	Acetyltransf_1	PF00583.25	CL0257	182	290	213	290	36	117	36.3772621154785	5.1e-09	5.7e-13	Acetyltransferase (GNAT) family	0	1	1
>single_test_file_SiGNATb	Acetyltransf_10	PF13673.7	CL0257	168	305	199	293	20	109	34.8992652893066	1.2e-08	1.4e-12	Acetyltransferase (GNAT) domain	1	1	2
>single_test_file_ZmGNATa_1	Bromodomain	PF00439.25		411	495	412	494	2	83	80.668830871582	6.2e-23	1.0e-26	Bromodomain	0	1	1
>single_test_file_ZmGNATa_1	Acetyltransf_1	PF00583.25	CL0257	182	290	213	290	36	117	35.7789993286133	7.9e-09	1.3e-12	Acetyltransferase (GNAT) family	0	1	2
>single_test_file_ZmGNATa_1	Acetyltransf_10	PF13673.7	CL0257	169	305	199	293	20	109	34.1896781921387	2.0e-08	3.4e-12	Acetyltransferase (GNAT) domain	1	1	3
>single_test_file_ZmGNATa_2	Bromodomain	PF00439.25		155	239	156	238	2	83	82.3498306274414	1.9e-23	1.0e-27	Bromodomain	0	1	1
>single_test_file_BdGNATb	Hat1_N	PF10394.9	CL0361	29	187	31	187	3	160	77.6932144165039	1.1e-21	1.3e-25	Histone acetyl transferase HAT1 N-terminus	0	1	1
>single_test_file_BdGNATb	Acetyltransf_1	PF00583.25	CL0257	188	282	218	273	43	97	25.4483032226562	1.3e-05	1.4e-09	Acetyltransferase (GNAT) family	0	1	2
>single_test_file_OsGNATb	Hat1_N	PF10394.9	CL0361	27	185	29	185	3	160	82.4554748535156	3.9e-23	2.2e-27	Histone acetyl transferase HAT1 N-terminus	0	1	1
>single_test_file_PavGNATc	Hat1_N	PF10394.9	CL0361	28	186	30	186	3	160	82.4633483886719	3.9e-23	4.3e-27	Histone acetyl transferase HAT1 N-terminus	0	1	1
>single_test_file_PavGNATc	Acetyltransf_1	PF00583.25	CL0257	190	281	216	271	43	97	21.3648948669434	0.00023	2.6e-08	Acetyltransferase (GNAT) family	0	1	2
>single_test_file_PavGNATd	Hat1_N	PF10394.9	CL0361	14	172	16	172	3	160	84.2673416137695	1.1e-23	1.2e-27	Histone acetyl transferase HAT1 N-terminus	0	1	1
>single_test_file_PavGNATd	Acetyltransf_1	PF00583.25	CL0257	175	267	202	257	43	97	21.8133544921875	0.00017	1.9e-08	Acetyltransferase (GNAT) family	0	1	2
>single_test_file_SbGNATb	Hat1_N	PF10394.9	CL0361	28	186	30	186	3	160	81.3129119873047	8.7e-23	9.7e-27	Histone acetyl transferase HAT1 N-terminus	0	1	1
>single_test_file_SbGNATb	Acetyltransf_1	PF00583.25	CL0257	191	281	216	271	43	97	21.3256340026855	0.00024	2.7e-08	Acetyltransferase (GNAT) family	0	1	2
>single_test_file_SiGNATc	Hat1_N	PF10394.9	CL0361	1	151	2	151	10	160	72.5883560180664	4.2e-20	4.7e-24	Histone acetyl transferase HAT1 N-terminus	0	1	1
>single_test_file_SiGNATc	Acetyltransf_1	PF00583.25	CL0257	156	246	181	236	43	97	22.4830799102783	0.0001	1.2e-08	Acetyltransferase (GNAT) family	0	1	2
>single_test_file_ZmGNATb_1	Hat1_N	PF10394.9	CL0361	30	188	32	188	3	160	81.8774032592773	5.9e-23	3.3e-27	Histone acetyl transferase HAT1 N-terminus	0	1	1
>single_test_file_BdGNATc_1	Radical_SAM_C	PF16199.5		334	415	335	414	2	81	107.652160644531	2.3e-31	5.1e-35	Radical_SAM C-terminal domain	0	1	1
>single_test_file_BdGNATc_1	Radical_SAM	PF04055.21	CL0036	116	326	129	317	9	158	68.0624694824219	1.2e-18	2.7e-22	Radical SAM superfamily	0	1	2
>single_test_file_BdGNATc_1	Acetyltransf_1	PF00583.25	CL0257	420	557	422	557	3	117	35.4086761474609	1.0e-08	2.3e-12	Acetyltransferase (GNAT) family	0	1	3
>single_test_file_BdGNATc_1	Acetyltransf_10	PF13673.7	CL0257	427	567	486	562	41	111	26.6184253692627	4.5e-06	1.0e-09	Acetyltransferase (GNAT) domain	1	1	4
>single_test_file_OsGNATc	Radical_SAM_C	PF16199.5		338	419	339	418	2	81	107.637771606445	2.3e-31	5.2e-35	Radical_SAM C-terminal domain	0	1	1
>single_test_file_OsGNATc	Radical_SAM	PF04055.21	CL0036	120	331	133	327	9	163	65.2401580810547	8.8e-18	2.0e-21	Radical SAM superfamily	0	1	2
>single_test_file_OsGNATc	Acetyltransf_1	PF00583.25	CL0257	424	561	426	561	3	117	40.5266265869141	2.7e-10	5.9e-14	Acetyltransferase (GNAT) family	0	1	3
>single_test_file_OsGNATc	Acetyltransf_10	PF13673.7	CL0257	430	571	490	566	41	111	27.7962684631348	1.9e-06	4.3e-10	Acetyltransferase (GNAT) domain	1	1	4
>single_test_file_SbGNATc	Radical_SAM_C	PF16199.5		336	417	337	416	2	81	107.64493560791	2.3e-31	5.1e-35	Radical_SAM C-terminal domain	0	1	1
>single_test_file_SbGNATc	Radical_SAM	PF04055.21	CL0036	118	329	131	325	9	163	65.5530700683594	7.0e-18	1.6e-21	Radical SAM superfamily	0	1	2
>single_test_file_SbGNATc	Acetyltransf_1	PF00583.25	CL0257	422	559	424	559	3	117	35.5199928283691	9.5e-09	2.1e-12	Acetyltransferase (GNAT) family	0	1	3
>single_test_file_SbGNATc	Acetyltransf_10	PF13673.7	CL0257	447	569	488	564	41	111	27.4730815887451	2.5e-06	5.5e-10	Acetyltransferase (GNAT) domain	1	1	4
>single_test_file_ZmGNATc	Radical_SAM_C	PF16199.5		335	416	336	414	2	80	106.829444885254	4.1e-31	9.2e-35	Radical_SAM C-terminal domain	0	1	1
>single_test_file_ZmGNATc	Radical_SAM	PF04055.21	CL0036	117	328	130	324	9	163	65.5582809448242	7.0e-18	1.6e-21	Radical SAM superfamily	0	1	2
>single_test_file_ZmGNATc	Acetyltransf_1	PF00583.25	CL0257	421	558	423	558	3	117	34.9518089294434	1.4e-08	3.2e-12	Acetyltransferase (GNAT) family	0	1	3
>single_test_file_ZmGNATc	Acetyltransf_10	PF13673.7	CL0257	435	568	487	563	41	111	27.1823673248291	3.0e-06	6.7e-10	Acetyltransferase (GNAT) domain	1	1	4
